训练日,交易日,盯市日,品种,多空标志,开仓价格,盯市价格,收益率
20180102,20180103,20180104,SM,-1,7274.0,7120.0,0.02117129502337091
20180102,20180103,20180104,SF,-1,6480.0,6482.0,-0.00030864197530864197
20180102,20180103,20180104,Y,-1,5780.0,5802.0,-0.0038062283737024223
20180102,20180103,20180104,I,-1,544.0,536.5,0.013786764705882353
20180102,20180103,20180104,FG,-1,1464.0,1455.0,0.006147540983606557
20180102,20180103,20180104,M,1,2767.0,2774.0,0.002529815684857246
20180102,20180103,20180104,C,1,1837.0,1852.0,0.008165487207403375
20180102,20180103,20180104,CF,1,15060.0,14970.0,-0.00597609561752988
20180102,20180103,20180104,RM,1,2290.0,2297.0,0.003056768558951965
20180102,20180103,20180104,P,1,5320.0,5366.0,0.008646616541353383
20180103,20180104,20180105,SM,-1,7120.0,7154.0,-0.0047752808988764045
20180103,20180104,20180105,SF,-1,6482.0,6450.0,0.004936747917309472
20180103,20180104,20180105,Y,-1,5802.0,5806.0,-0.0006894174422612892
20180103,20180104,20180105,FG,-1,1455.0,1470.0,-0.010309278350515464
20180103,20180104,20180105,M,1,2774.0,2767.0,-0.0025234318673395817
20180103,20180104,20180105,C,1,1852.0,1850.0,-0.0010799136069114472
20180103,20180104,20180105,CF,1,14970.0,15010.0,0.0026720106880427524
20180103,20180104,20180105,RM,1,2297.0,2282.0,-0.006530256856769699
20180103,20180104,20180105,P,1,5366.0,5342.0,-0.004472605292582929
20180104,20180105,20180108,SM,-1,7154.0,7098.0,0.007827788649706457
20180104,20180105,20180108,SF,-1,6450.0,6400.0,0.007751937984496124
20180104,20180105,20180108,Y,-1,5806.0,5808.0,-0.0003444712366517396
20180104,20180105,20180108,FG,-1,1470.0,1457.0,0.008843537414965987
20180104,20180105,20180108,M,1,2767.0,2785.0,0.006505240332490061
20180104,20180105,20180108,C,1,1850.0,1855.0,0.002702702702702703
20180104,20180105,20180108,CF,1,15010.0,15170.0,0.010659560293137908
20180104,20180105,20180108,RM,1,2282.0,2299.0,0.007449605609114811
20180104,20180105,20180108,P,1,5342.0,5348.0,0.0011231748408835642
20180105,20180108,20180109,SM,-1,7098.0,7182.0,-0.011834319526627219
20180105,20180108,20180109,SF,-1,6400.0,6448.0,-0.0075
20180105,20180108,20180109,Y,-1,5808.0,5778.0,0.005165289256198347
20180105,20180108,20180109,FG,-1,1457.0,1512.0,-0.03774879890185312
20180105,20180108,20180109,M,1,2785.0,2771.0,-0.005026929982046679
20180105,20180108,20180109,CF,1,15170.0,15180.0,0.0006591957811470006
20180105,20180108,20180109,RM,1,2299.0,2285.0,-0.006089604175728578
20180108,20180109,20180110,SM,-1,7182.0,7208.0,-0.003620161514898357
20180108,20180109,20180110,SF,-1,6448.0,6428.0,0.003101736972704715
20180108,20180109,20180110,Y,-1,5778.0,5770.0,0.0013845621322256837
20180108,20180109,20180110,FG,-1,1512.0,1510.0,0.0013227513227513227
20180108,20180109,20180110,M,1,2771.0,2771.0,0.0
20180108,20180109,20180110,CF,1,15180.0,15255.0,0.004940711462450593
20180108,20180109,20180110,RM,1,2285.0,2293.0,0.00350109409190372
20180109,20180110,20180111,SM,-1,7208.0,7246.0,-0.005271920088790233
20180109,20180110,20180111,SF,-1,6428.0,6486.0,-0.009023024268823895
20180109,20180110,20180111,Y,-1,5770.0,5816.0,-0.007972270363951473
20180109,20180110,20180111,FG,-1,1510.0,1515.0,-0.0033112582781456954
20180109,20180110,20180111,M,1,2771.0,2768.0,-0.0010826416456153013
20180109,20180110,20180111,CF,1,15255.0,15245.0,-0.0006555227794165847
20180109,20180110,20180111,RM,1,2293.0,2286.0,-0.0030527692978630614
20180110,20180111,20180112,SM,-1,7246.0,7134.0,0.015456803753795198
20180110,20180111,20180112,SF,-1,6486.0,6390.0,0.014801110083256245
20180110,20180111,20180112,Y,-1,5816.0,5776.0,0.0068775790921595595
20180110,20180111,20180112,I,-1,558.5,556.0,0.004476275738585497
20180110,20180111,20180112,JD,-1,3731.0,3719.0,0.0032162958992227285
20180110,20180111,20180112,M,1,2768.0,2759.0,-0.0032514450867052024
20180110,20180111,20180112,CF,1,15245.0,15295.0,0.0032797638570022957
20180110,20180111,20180112,RM,1,2286.0,2272.0,-0.006124234470691163
20180111,20180112,20180115,SM,-1,7134.0,7350.0,-0.030277544154751892
20180111,20180112,20180115,SF,-1,6390.0,6488.0,-0.015336463223787167
20180111,20180112,20180115,Y,-1,5776.0,5732.0,0.007617728531855956
20180111,20180112,20180115,I,-1,556.0,542.0,0.025179856115107913
20180111,20180112,20180115,JD,-1,3719.0,3718.0,0.00026888948642108095
20180111,20180112,20180115,M,1,2759.0,2730.0,-0.010511054729974628
20180111,20180112,20180115,CF,1,15295.0,15410.0,0.007518796992481203
20180111,20180112,20180115,RM,1,2272.0,2247.0,-0.011003521126760563
20180112,20180115,20180116,SM,-1,7350.0,7388.0,-0.0051700680272108845
20180112,20180115,20180116,SF,-1,6488.0,6466.0,0.0033908754623921083
20180112,20180115,20180116,Y,-1,5732.0,5750.0,-0.00314026517794836
20180112,20180115,20180116,I,-1,542.0,538.0,0.007380073800738007
20180112,20180115,20180116,JD,-1,3718.0,3702.0,0.004303388918773534
20180112,20180115,20180116,M,1,2730.0,2759.0,0.010622710622710623
20180112,20180115,20180116,CF,1,15410.0,15265.0,-0.009409474367293965
20180112,20180115,20180116,RM,1,2247.0,2271.0,0.010680907877169559
20180115,20180116,20180117,SM,-1,7388.0,7442.0,-0.007309149972929074
20180115,20180116,20180117,SF,-1,6466.0,6716.0,-0.03866377977111042
20180115,20180116,20180117,Y,-1,5750.0,5724.0,0.004521739130434782
20180115,20180116,20180117,I,-1,538.0,527.0,0.020446096654275093
20180115,20180116,20180117,JD,-1,3702.0,3678.0,0.006482982171799027
20180115,20180116,20180117,M,1,2759.0,2731.0,-0.010148604566872055
20180115,20180116,20180117,CF,1,15265.0,15220.0,-0.002947920078611202
20180115,20180116,20180117,RM,1,2271.0,2272.0,0.00044033465433729633
20180116,20180117,20180118,SM,-1,7442.0,7442.0,-0.0
20180116,20180117,20180118,SF,-1,6716.0,6696.0,0.0029779630732578916
20180116,20180117,20180118,Y,-1,5724.0,5700.0,0.0041928721174004195
20180116,20180117,20180118,I,-1,527.0,531.0,-0.007590132827324478
20180116,20180117,20180118,JD,-1,3678.0,3669.0,0.0024469820554649264
20180116,20180117,20180118,M,1,2731.0,2769.0,0.013914317099963384
20180116,20180117,20180118,CF,1,15220.0,15185.0,-0.0022996057818659658
20180116,20180117,20180118,RM,1,2272.0,2281.0,0.003961267605633803
20180116,20180117,20180118,A,1,3607.0,3599.0,-0.0022179096201829776
20180117,20180118,20180119,SM,-1,7442.0,7620.0,-0.02391830153184628
20180117,20180118,20180119,SF,-1,6696.0,6900.0,-0.03046594982078853
20180117,20180118,20180119,Y,-1,5700.0,5718.0,-0.003157894736842105
20180117,20180118,20180119,JD,-1,3669.0,3681.0,-0.003270645952575634
20180117,20180118,20180119,FG,-1,1474.0,1492.0,-0.012211668928086838
20180117,20180118,20180119,M,1,2769.0,2767.0,-0.0007222824124232575
20180117,20180118,20180119,CF,1,15185.0,15500.0,0.02074415541652947
20180117,20180118,20180119,RM,1,2281.0,2274.0,-0.003068829460762823
20180117,20180118,20180119,A,1,3599.0,3600.0,0.0002778549597110308
20180118,20180119,20180122,SM,-1,7620.0,7850.0,-0.030183727034120734
20180118,20180119,20180122,SF,-1,6900.0,6940.0,-0.005797101449275362
20180118,20180119,20180122,Y,-1,5718.0,5680.0,0.00664568030779993
20180118,20180119,20180122,JD,-1,3681.0,3700.0,-0.005161640858462374
20180118,20180119,20180122,FG,-1,1492.0,1484.0,0.005361930294906166
20180118,20180119,20180122,M,1,2767.0,2784.0,0.006143838091796169
20180118,20180119,20180122,CF,1,15500.0,15315.0,-0.011935483870967743
20180118,20180119,20180122,RM,1,2274.0,2302.0,0.012313104661389622
20180118,20180119,20180122,A,1,3600.0,3539.0,-0.016944444444444446
20180119,20180122,20180123,SM,-1,7850.0,7640.0,0.0267515923566879
20180119,20180122,20180123,SF,-1,6940.0,6752.0,0.027089337175792507
20180119,20180122,20180123,Y,-1,5680.0,5750.0,-0.01232394366197183
20180119,20180122,20180123,JD,-1,3700.0,3678.0,0.005945945945945946
20180119,20180122,20180123,FG,-1,1484.0,1458.0,0.01752021563342318
20180119,20180122,20180123,M,1,2784.0,2790.0,0.0021551724137931034
20180119,20180122,20180123,CF,1,15315.0,15505.0,0.012406137773424747
20180119,20180122,20180123,RM,1,2302.0,2308.0,0.0026064291920069507
20180119,20180122,20180123,A,1,3539.0,3524.0,-0.004238485447866629
20180122,20180123,20180124,SM,-1,7640.0,7702.0,-0.008115183246073299
20180122,20180123,20180124,SF,-1,6752.0,6750.0,0.0002962085308056872
20180122,20180123,20180124,Y,-1,5750.0,5772.0,-0.0038260869565217392
20180122,20180123,20180124,I,-1,540.5,518.5,0.04070305272895467
20180122,20180123,20180124,JD,-1,3678.0,3686.0,-0.002175095160413268
20180122,20180123,20180124,M,1,2790.0,2788.0,-0.0007168458781362007
20180122,20180123,20180124,CF,1,15505.0,15545.0,0.0025798129635601417
20180122,20180123,20180124,RM,1,2308.0,2307.0,-0.0004332755632582322
20180122,20180123,20180124,A,1,3524.0,3537.0,0.0036889897843359817
20180123,20180124,20180125,SM,-1,7702.0,7736.0,-0.004414437808361465
20180123,20180124,20180125,SF,-1,6750.0,6782.0,-0.004740740740740741
20180123,20180124,20180125,Y,-1,5772.0,5788.0,-0.002772002772002772
20180123,20180124,20180125,I,-1,518.5,523.0,-0.008678881388621022
20180123,20180124,20180125,JD,-1,3686.0,3698.0,-0.0032555615843733042
20180123,20180124,20180125,M,1,2788.0,2760.0,-0.010043041606886656
20180123,20180124,20180125,CF,1,15545.0,15470.0,-0.004824702476680605
20180123,20180124,20180125,RM,1,2307.0,2285.0,-0.00953619419159081
20180123,20180124,20180125,A,1,3537.0,3525.0,-0.0033927056827820186
20180124,20180125,20180126,SM,-1,7736.0,7650.0,0.011116856256463288
20180124,20180125,20180126,SF,-1,6782.0,6708.0,0.01091123562370982
20180124,20180125,20180126,Y,-1,5788.0,5766.0,0.0038009675190048375
20180124,20180125,20180126,JD,-1,3698.0,3676.0,0.005949161709031909
20180124,20180125,20180126,FG,-1,1460.0,1488.0,-0.019178082191780823
20180124,20180125,20180126,M,1,2760.0,2781.0,0.007608695652173913
20180124,20180125,20180126,CF,1,15470.0,15505.0,0.0022624434389140274
20180124,20180125,20180126,RM,1,2285.0,2315.0,0.01312910284463895
20180124,20180125,20180126,A,1,3525.0,3535.0,0.0028368794326241137
20180125,20180126,20180129,SM,-1,7650.0,7538.0,0.014640522875816993
20180125,20180126,20180129,SF,-1,6708.0,6578.0,0.01937984496124031
20180125,20180126,20180129,Y,-1,5766.0,5792.0,-0.004509191814082553
20180125,20180126,20180129,I,-1,529.5,519.5,0.018885741265344664
20180125,20180126,20180129,JD,-1,3676.0,3685.0,-0.0024483133841131663
20180125,20180126,20180129,M,1,2781.0,2768.0,-0.004674577490111471
20180125,20180126,20180129,CF,1,15505.0,15520.0,0.0009674298613350532
20180125,20180126,20180129,RM,1,2315.0,2297.0,-0.007775377969762419
20180125,20180126,20180129,A,1,3535.0,3527.0,-0.002263083451202263
20180126,20180129,20180130,SM,-1,7538.0,7658.0,-0.015919342000530644
20180126,20180129,20180130,SF,-1,6578.0,6644.0,-0.010033444816053512
20180126,20180129,20180130,Y,-1,5792.0,5820.0,-0.004834254143646409
20180126,20180129,20180130,I,-1,519.5,514.0,0.010587102983638113
20180126,20180129,20180130,JD,-1,3685.0,3631.0,0.014654002713704206
20180126,20180129,20180130,M,1,2768.0,2807.0,0.014089595375722543
20180126,20180129,20180130,CF,1,15520.0,15380.0,-0.00902061855670103
20180126,20180129,20180130,RM,1,2297.0,2340.0,0.01872006965607314
20180126,20180129,20180130,A,1,3527.0,3532.0,0.001417635384179189
20180129,20180130,20180131,SM,-1,7658.0,7612.0,0.006006790284669626
20180129,20180130,20180131,SF,-1,6644.0,6610.0,0.005117399157134257
20180129,20180130,20180131,Y,-1,5820.0,5734.0,0.014776632302405498
20180129,20180130,20180131,JD,-1,3631.0,3627.0,0.001101624896722666
20180129,20180130,20180131,FG,-1,1495.0,1492.0,0.002006688963210702
20180129,20180130,20180131,M,1,2807.0,2808.0,0.0003562522265764161
20180129,20180130,20180131,CF,1,15380.0,15260.0,-0.007802340702210663
20180129,20180130,20180131,RM,1,2340.0,2346.0,0.002564102564102564
20180129,20180130,20180131,A,1,3532.0,3538.0,0.0016987542468856172
20180130,20180131,20180201,SM,-1,7612.0,7630.0,-0.002364687335785602
20180130,20180131,20180201,SF,-1,6610.0,6606.0,0.000605143721633888
20180130,20180131,20180201,Y,-1,5734.0,5752.0,-0.003139169863969306
20180130,20180131,20180201,I,-1,517.0,510.5,0.012572533849129593
20180130,20180131,20180201,JD,-1,3627.0,3634.0,-0.0019299696719051558
20180130,20180131,20180201,M,1,2808.0,2803.0,-0.0017806267806267807
20180130,20180131,20180201,CF,1,15260.0,15185.0,-0.0049148099606815205
20180130,20180131,20180201,RM,1,2346.0,2335.0,-0.004688832054560955
20180130,20180131,20180201,A,1,3538.0,3527.0,-0.0031091011871113624
20180131,20180201,20180202,SM,-1,7630.0,7688.0,-0.007601572739187418
20180131,20180201,20180202,SF,-1,6606.0,6680.0,-0.011201937632455344
20180131,20180201,20180202,Y,-1,5752.0,5696.0,0.009735744089012517
20180131,20180201,20180202,I,-1,510.5,508.0,0.004897159647404506
20180131,20180201,20180202,JD,-1,3634.0,3620.0,0.003852504127682994
20180131,20180201,20180202,M,1,2803.0,2794.0,-0.003210845522654299
20180131,20180201,20180202,CF,1,15185.0,15195.0,0.0006585446163977609
20180131,20180201,20180202,RM,1,2335.0,2334.0,-0.00042826552462526765
20180131,20180201,20180202,A,1,3527.0,3472.0,-0.01559398922597108
20180201,20180202,20180205,SM,-1,7688.0,7572.0,0.015088449531737774
20180201,20180202,20180205,SF,-1,6680.0,6624.0,0.008383233532934131
20180201,20180202,20180205,Y,-1,5696.0,5626.0,0.01228932584269663
20180201,20180202,20180205,JD,-1,3620.0,3630.0,-0.0027624309392265192
20180201,20180202,20180205,FG,-1,1462.0,1484.0,-0.015047879616963064
20180201,20180202,20180205,M,1,2794.0,2770.0,-0.008589835361488905
20180201,20180202,20180205,CF,1,15195.0,15215.0,0.0013162224415926291
20180201,20180202,20180205,RM,1,2334.0,2313.0,-0.008997429305912597
20180201,20180202,20180205,A,1,3472.0,3472.0,0.0
20180202,20180205,20180206,SM,-1,7572.0,7750.0,-0.023507659799260432
20180202,20180205,20180206,SF,-1,6624.0,6734.0,-0.016606280193236716
20180202,20180205,20180206,Y,-1,5626.0,5612.0,0.002488446498400284
20180202,20180205,20180206,JD,-1,3630.0,3683.0,-0.014600550964187328
20180202,20180205,20180206,FG,-1,1484.0,1485.0,-0.0006738544474393531
20180202,20180205,20180206,M,1,2770.0,2764.0,-0.0021660649819494585
20180202,20180205,20180206,CF,1,15215.0,15075.0,-0.009201445941505093
20180202,20180205,20180206,RM,1,2313.0,2308.0,-0.00216169476869866
20180202,20180205,20180206,A,1,3472.0,3489.0,0.004896313364055299
20180202,20180205,20180206,P,1,5082.0,5100.0,0.0035419126328217238
20180205,20180206,20180207,SM,-1,7750.0,7780.0,-0.003870967741935484
20180205,20180206,20180207,SF,-1,6734.0,6720.0,0.002079002079002079
20180205,20180206,20180207,Y,-1,5612.0,5596.0,0.002851033499643621
20180205,20180206,20180207,JD,-1,3683.0,3689.0,-0.001629106706489275
20180205,20180206,20180207,FG,-1,1485.0,1485.0,-0.0
20180205,20180206,20180207,M,1,2764.0,2773.0,0.003256150506512301
20180205,20180206,20180207,CF,1,15075.0,15050.0,-0.001658374792703151
20180205,20180206,20180207,RM,1,2308.0,2312.0,0.0017331022530329288
20180205,20180206,20180207,A,1,3489.0,3503.0,0.004012611063341932
20180205,20180206,20180207,P,1,5100.0,5092.0,-0.001568627450980392
20180206,20180207,20180208,SM,-1,7780.0,7746.0,0.004370179948586119
20180206,20180207,20180208,SF,-1,6720.0,6680.0,0.005952380952380952
20180206,20180207,20180208,Y,-1,5596.0,5620.0,-0.004288777698355968
20180206,20180207,20180208,JD,-1,3689.0,3661.0,0.007590132827324478
20180206,20180207,20180208,FG,-1,1485.0,1485.0,-0.0
20180206,20180207,20180208,M,1,2773.0,2795.0,0.007933645870897944
20180206,20180207,20180208,CF,1,15050.0,15070.0,0.00132890365448505
20180206,20180207,20180208,RM,1,2312.0,2327.0,0.006487889273356401
20180206,20180207,20180208,A,1,3503.0,3515.0,0.0034256351698544107
20180206,20180207,20180208,P,1,5092.0,5106.0,0.0027494108405341712
20180207,20180208,20180209,SM,-1,7746.0,7692.0,0.006971340046475601
20180207,20180208,20180209,SF,-1,6680.0,6640.0,0.005988023952095809
20180207,20180208,20180209,Y,-1,5620.0,5636.0,-0.0028469750889679717
20180207,20180208,20180209,JD,-1,3661.0,3680.0,-0.00518983884184649
20180207,20180208,20180209,FG,-1,1485.0,1467.0,0.012121212121212121
20180207,20180208,20180209,M,1,2795.0,2813.0,0.0064400715563506265
20180207,20180208,20180209,CF,1,15070.0,14965.0,-0.006967485069674851
20180207,20180208,20180209,RM,1,2327.0,2343.0,0.006875805758487323
20180207,20180208,20180209,A,1,3515.0,3534.0,0.005405405405405406
20180207,20180208,20180209,P,1,5106.0,5136.0,0.005875440658049354
20180208,20180209,20180212,SM,-1,7692.0,7712.0,-0.0026001040041601664
20180208,20180209,20180212,SF,-1,6640.0,6628.0,0.0018072289156626507
20180208,20180209,20180212,Y,-1,5636.0,5636.0,-0.0
20180208,20180209,20180212,JD,-1,3680.0,3695.0,-0.004076086956521739
20180208,20180209,20180212,FG,-1,1467.0,1450.0,0.011588275391956374
20180208,20180209,20180212,M,1,2813.0,2799.0,-0.004976892996800568
20180208,20180209,20180212,CF,1,14965.0,14900.0,-0.004343468092215168
20180208,20180209,20180212,RM,1,2343.0,2335.0,-0.0034144259496372174
20180208,20180209,20180212,A,1,3534.0,3555.0,0.005942275042444821
20180208,20180209,20180212,P,1,5136.0,5136.0,0.0
20180209,20180212,20180213,SM,-1,7712.0,7764.0,-0.006742738589211619
20180209,20180212,20180213,SF,-1,6628.0,6650.0,-0.0033192516596258297
20180209,20180212,20180213,Y,-1,5636.0,5644.0,-0.0014194464158978
20180209,20180212,20180213,I,-1,523.0,523.0,-0.0
20180209,20180212,20180213,JD,-1,3695.0,3745.0,-0.013531799729364006
20180209,20180212,20180213,M,1,2799.0,2835.0,0.012861736334405145
20180209,20180212,20180213,CF,1,14900.0,14920.0,0.0013422818791946308
20180209,20180212,20180213,RM,1,2335.0,2375.0,0.017130620985010708
20180209,20180212,20180213,A,1,3555.0,3558.0,0.0008438818565400844
20180209,20180212,20180213,P,1,5136.0,5190.0,0.010514018691588784
20180212,20180213,20180214,SM,-1,7764.0,7856.0,-0.01184956208140134
20180212,20180213,20180214,SF,-1,6650.0,6668.0,-0.002706766917293233
20180212,20180213,20180214,Y,-1,5644.0,5650.0,-0.0010630758327427356
20180212,20180213,20180214,JD,-1,3745.0,3756.0,-0.002937249666221629
20180212,20180213,20180214,FG,-1,1446.0,1448.0,-0.0013831258644536654
20180212,20180213,20180214,M,1,2835.0,2848.0,0.004585537918871252
20180212,20180213,20180214,CF,1,14920.0,14880.0,-0.002680965147453083
20180212,20180213,20180214,RM,1,2375.0,2375.0,0.0
20180212,20180213,20180214,A,1,3558.0,3562.0,0.0011242270938729624
20180212,20180213,20180214,P,1,5190.0,5154.0,-0.006936416184971098
20180213,20180214,20180222,SM,-1,7856.0,7918.0,-0.007892057026476579
20180213,20180214,20180222,SF,-1,6668.0,6800.0,-0.01979604079184163
20180213,20180214,20180222,Y,-1,5650.0,5676.0,-0.004601769911504424
20180213,20180214,20180222,JD,-1,3756.0,3676.0,0.021299254526091587
20180213,20180214,20180222,FG,-1,1448.0,1467.0,-0.013121546961325966
20180213,20180214,20180222,M,1,2848.0,2928.0,0.028089887640449437
20180213,20180214,20180222,CF,1,14880.0,15030.0,0.010080645161290322
20180213,20180214,20180222,RM,1,2375.0,2460.0,0.035789473684210524
20180213,20180214,20180222,A,1,3562.0,3595.0,0.009264458169567658
20180213,20180214,20180222,P,1,5154.0,5162.0,0.0015521924718665113
20180214,20180222,20180223,SM,-1,7918.0,7942.0,-0.0030310684516291994
20180214,20180222,20180223,SF,-1,6800.0,6792.0,0.001176470588235294
20180214,20180222,20180223,Y,-1,5676.0,5660.0,0.0028188865398167725
20180214,20180222,20180223,JD,-1,3676.0,3693.0,-0.004624591947769314
20180214,20180222,20180223,FG,-1,1467.0,1445.0,0.014996591683708248
20180214,20180222,20180223,M,1,2928.0,2949.0,0.007172131147540984
20180214,20180222,20180223,CF,1,15030.0,15000.0,-0.001996007984031936
20180214,20180222,20180223,RM,1,2460.0,2462.0,0.0008130081300813008
20180214,20180222,20180223,A,1,3595.0,3608.0,0.0036161335187760778
20180214,20180222,20180223,P,1,5162.0,5148.0,-0.0027121270825261525
20180222,20180223,20180226,SM,-1,7942.0,8050.0,-0.013598589775875095
20180222,20180223,20180226,SF,-1,6792.0,6804.0,-0.0017667844522968198
20180222,20180223,20180226,Y,-1,5660.0,5748.0,-0.015547703180212015
20180222,20180223,20180226,JD,-1,3693.0,3800.0,-0.028973734091524504
20180222,20180223,20180226,FG,-1,1445.0,1488.0,-0.02975778546712803
20180222,20180223,20180226,M,1,2949.0,2964.0,0.00508646998982706
20180222,20180223,20180226,CF,1,15000.0,15090.0,0.006
20180222,20180223,20180226,RM,1,2462.0,2468.0,0.002437043054427295
20180222,20180223,20180226,A,1,3608.0,3624.0,0.004434589800443459
20180222,20180223,20180226,L,1,9560.0,9610.0,0.005230125523012552
20180223,20180226,20180227,SM,-1,8050.0,7986.0,0.007950310559006211
20180223,20180226,20180227,SF,-1,6804.0,6778.0,0.003821281599059377
20180223,20180226,20180227,Y,-1,5748.0,5788.0,-0.006958942240779402
20180223,20180226,20180227,FG,-1,1488.0,1489.0,-0.0006720430107526882
20180223,20180226,20180227,M,1,2964.0,2978.0,0.004723346828609987
20180223,20180226,20180227,CF,1,15090.0,15245.0,0.01027170311464546
20180223,20180226,20180227,RM,1,2468.0,2473.0,0.002025931928687196
20180223,20180226,20180227,A,1,3624.0,3627.0,0.0008278145695364238
20180223,20180226,20180227,L,1,9610.0,9565.0,-0.004682622268470343
20180226,20180227,20180228,SM,-1,7986.0,8030.0,-0.005509641873278237
20180226,20180227,20180228,SF,-1,6778.0,6762.0,0.002360578341693715
20180226,20180227,20180228,Y,-1,5788.0,5762.0,0.004492052522460262
20180226,20180227,20180228,I,-1,549.0,546.0,0.00546448087431694
20180226,20180227,20180228,FG,-1,1489.0,1490.0,-0.000671591672263264
20180226,20180227,20180228,M,1,2978.0,2977.0,-0.000335795836131632
20180226,20180227,20180228,CF,1,15245.0,15195.0,-0.0032797638570022957
20180226,20180227,20180228,RM,1,2473.0,2470.0,-0.001213101496158512
20180226,20180227,20180228,A,1,3627.0,3646.0,0.005238489109456851
20180226,20180227,20180228,L,1,9565.0,9465.0,-0.010454783063251438
20180227,20180228,20180301,SM,-1,8030.0,8156.0,-0.01569115815691158
20180227,20180228,20180301,SF,-1,6762.0,6804.0,-0.006211180124223602
20180227,20180228,20180301,Y,-1,5762.0,5798.0,-0.006247830614370011
20180227,20180228,20180301,I,-1,546.0,542.5,0.00641025641025641
20180227,20180228,20180301,FG,-1,1490.0,1495.0,-0.003355704697986577
20180227,20180228,20180301,M,1,2977.0,3010.0,0.011084984884111521
20180227,20180228,20180301,CF,1,15195.0,15200.0,0.0003290556103981573
20180227,20180228,20180301,RM,1,2470.0,2495.0,0.010121457489878543
20180227,20180228,20180301,A,1,3646.0,3656.0,0.0027427317608337905
20180227,20180228,20180301,L,1,9465.0,9465.0,0.0
20180228,20180301,20180302,SM,-1,8156.0,8170.0,-0.0017165277096615988
20180228,20180301,20180302,SF,-1,6804.0,6700.0,0.015285126396237508
20180228,20180301,20180302,Y,-1,5798.0,5780.0,0.003104518799586064
20180228,20180301,20180302,FG,-1,1495.0,1494.0,0.0006688963210702341
20180228,20180301,20180302,M,1,3010.0,3045.0,0.011627906976744186
20180228,20180301,20180302,CF,1,15200.0,15220.0,0.0013157894736842105
20180228,20180301,20180302,RM,1,2495.0,2495.0,0.0
20180228,20180301,20180302,L,1,9465.0,9670.0,0.021658742736397254
20180301,20180302,20180305,SM,-1,8170.0,8052.0,0.014443084455324358
20180301,20180302,20180305,SF,-1,6700.0,6568.0,0.019701492537313434
20180301,20180302,20180305,Y,-1,5780.0,5850.0,-0.012110726643598616
20180301,20180302,20180305,I,-1,542.5,538.0,0.008294930875576038
20180301,20180302,20180305,FG,-1,1494.0,1498.0,-0.002677376171352075
20180301,20180302,20180305,M,1,3045.0,3130.0,0.027914614121510674
20180301,20180302,20180305,CF,1,15220.0,15180.0,-0.002628120893561104
20180301,20180302,20180305,RM,1,2495.0,2578.0,0.03326653306613227
20180301,20180302,20180305,L,1,9670.0,9635.0,-0.0036194415718717684
20180302,20180305,20180306,SM,-1,8052.0,8000.0,0.006458022851465474
20180302,20180305,20180306,SF,-1,6568.0,6408.0,0.024360535931790498
20180302,20180305,20180306,Y,-1,5850.0,5886.0,-0.006153846153846154
20180302,20180305,20180306,I,-1,538.0,520.0,0.03345724907063197
20180302,20180305,20180306,FG,-1,1498.0,1483.0,0.010013351134846462
20180302,20180305,20180306,M,1,3130.0,3124.0,-0.0019169329073482429
20180302,20180305,20180306,CF,1,15180.0,15345.0,0.010869565217391304
20180302,20180305,20180306,RM,1,2578.0,2576.0,-0.0007757951900698216
20180302,20180305,20180306,L,1,9635.0,9560.0,-0.007784120394395433
20180305,20180306,20180307,SM,-1,8000.0,8080.0,-0.01
20180305,20180306,20180307,SF,-1,6408.0,6414.0,-0.0009363295880149813
20180305,20180306,20180307,Y,-1,5886.0,5850.0,0.0061162079510703364
20180305,20180306,20180307,I,-1,520.0,521.5,-0.0028846153846153848
20180305,20180306,20180307,FG,-1,1483.0,1488.0,-0.0033715441672285905
20180305,20180306,20180307,M,1,3124.0,3123.0,-0.0003201024327784891
20180305,20180306,20180307,CF,1,15345.0,15480.0,0.008797653958944282
20180305,20180306,20180307,RM,1,2576.0,2568.0,-0.003105590062111801
20180305,20180306,20180307,L,1,9560.0,9530.0,-0.0031380753138075313
20180306,20180307,20180308,SM,-1,8080.0,7846.0,0.028960396039603962
20180306,20180307,20180308,SF,-1,6414.0,6306.0,0.01683816651075772
20180306,20180307,20180308,Y,-1,5850.0,5752.0,0.016752136752136753
20180306,20180307,20180308,I,-1,521.5,515.0,0.012464046021093002
20180306,20180307,20180308,JD,-1,3700.0,3666.0,0.009189189189189189
20180306,20180307,20180308,M,1,3123.0,3112.0,-0.0035222542427153377
20180306,20180307,20180308,CF,1,15480.0,15210.0,-0.01744186046511628
20180306,20180307,20180308,RM,1,2568.0,2547.0,-0.008177570093457943
20180306,20180307,20180308,L,1,9530.0,9470.0,-0.0062959076600209865
20180307,20180308,20180309,SM,-1,7846.0,7802.0,0.005607953097119552
20180307,20180308,20180309,SF,-1,6306.0,6288.0,0.0028544243577545195
20180307,20180308,20180309,Y,-1,5752.0,5722.0,0.00521557719054242
20180307,20180308,20180309,I,-1,515.0,498.5,0.03203883495145631
20180307,20180308,20180309,JD,-1,3666.0,3675.0,-0.0024549918166939444
20180307,20180308,20180309,M,1,3112.0,3110.0,-0.0006426735218508997
20180307,20180308,20180309,CF,1,15210.0,15165.0,-0.0029585798816568047
20180307,20180308,20180309,PP,1,9160.0,8970.0,-0.02074235807860262
20180307,20180308,20180309,RM,1,2547.0,2543.0,-0.0015704750687082843
20180307,20180308,20180309,L,1,9470.0,9310.0,-0.01689545934530095
20180308,20180309,20180312,SM,-1,7802.0,7720.0,0.010510125608818251
20180308,20180309,20180312,SF,-1,6288.0,6190.0,0.015585241730279899
20180308,20180309,20180312,Y,-1,5722.0,5670.0,0.009087731562390773
20180308,20180309,20180312,I,-1,498.5,486.5,0.024072216649949848
20180308,20180309,20180312,JD,-1,3675.0,3650.0,0.006802721088435374
20180308,20180309,20180312,M,1,3110.0,3087.0,-0.007395498392282958
20180308,20180309,20180312,CF,1,15165.0,15220.0,0.003626772172766238
20180308,20180309,20180312,PP,1,8970.0,9030.0,0.006688963210702341
20180308,20180309,20180312,RM,1,2543.0,2535.0,-0.0031458906802988595
20180308,20180309,20180312,L,1,9310.0,9365.0,0.005907626208378088
20180309,20180312,20180313,SM,-1,7720.0,7750.0,-0.0038860103626943004
20180309,20180312,20180313,SF,-1,6190.0,6172.0,0.0029079159935379646
20180309,20180312,20180313,Y,-1,5670.0,5684.0,-0.0024691358024691358
20180309,20180312,20180313,I,-1,486.5,478.0,0.017471736896197326
20180309,20180312,20180313,JD,-1,3650.0,3609.0,0.011232876712328766
20180309,20180312,20180313,M,1,3087.0,3045.0,-0.013605442176870748
20180309,20180312,20180313,CF,1,15220.0,15070.0,-0.00985545335085414
20180309,20180312,20180313,PP,1,9030.0,8882.0,-0.016389811738648948
20180309,20180312,20180313,RM,1,2535.0,2514.0,-0.008284023668639054
20180309,20180312,20180313,P,1,5070.0,5082.0,0.002366863905325444
20180312,20180313,20180314,SM,-1,7750.0,7750.0,-0.0
20180312,20180313,20180314,SF,-1,6172.0,6160.0,0.0019442644199611147
20180312,20180313,20180314,Y,-1,5684.0,5716.0,-0.005629838142153413
20180312,20180313,20180314,I,-1,478.0,480.0,-0.0041841004184100415
20180312,20180313,20180314,JD,-1,3609.0,3607.0,0.0005541701302299807
20180312,20180313,20180314,M,1,3045.0,3066.0,0.006896551724137931
20180312,20180313,20180314,CF,1,15070.0,15080.0,0.0006635700066357001
20180312,20180313,20180314,PP,1,8882.0,8909.0,0.003039855888313443
20180312,20180313,20180314,RM,1,2514.0,2517.0,0.0011933174224343676
20180312,20180313,20180314,P,1,5082.0,5120.0,0.00747737111373475
20180313,20180314,20180315,SM,-1,7750.0,7718.0,0.004129032258064516
20180313,20180314,20180315,SF,-1,6160.0,6138.0,0.0035714285714285713
20180313,20180314,20180315,Y,-1,5716.0,5718.0,-0.0003498950314905528
20180313,20180314,20180315,JD,-1,3607.0,3642.0,-0.009703354588300527
20180313,20180314,20180315,FG,-1,1475.0,1470.0,0.003389830508474576
20180313,20180314,20180315,M,1,3066.0,3022.0,-0.014350945857795172
20180313,20180314,20180315,CF,1,15080.0,15000.0,-0.005305039787798408
20180313,20180314,20180315,PP,1,8909.0,8911.0,0.00022449208665394546
20180313,20180314,20180315,RM,1,2517.0,2527.0,0.003972983710766786
20180313,20180314,20180315,A,1,3630.0,3638.0,0.0022038567493112946
20180314,20180315,20180316,SM,-1,7718.0,7594.0,0.016066338429644986
20180314,20180315,20180316,SF,-1,6138.0,6154.0,-0.002606712284131639
20180314,20180315,20180316,Y,-1,5718.0,5696.0,0.0038474991255683807
20180314,20180315,20180316,JD,-1,3642.0,3637.0,0.0013728720483250961
20180314,20180315,20180316,FG,-1,1470.0,1459.0,0.007482993197278911
20180314,20180315,20180316,M,1,3022.0,3006.0,-0.005294506949040371
20180314,20180315,20180316,CF,1,15000.0,14980.0,-0.0013333333333333333
20180314,20180315,20180316,PP,1,8911.0,8888.0,-0.0025810795645830995
20180314,20180315,20180316,RM,1,2527.0,2503.0,-0.009497427779976256
20180314,20180315,20180316,A,1,3638.0,3650.0,0.003298515667949423
20180315,20180316,20180319,SM,-1,7594.0,7628.0,-0.004477218856992362
20180315,20180316,20180319,SF,-1,6154.0,6120.0,0.0055248618784530384
20180315,20180316,20180319,Y,-1,5696.0,5666.0,0.0052668539325842695
20180315,20180316,20180319,I,-1,489.5,482.0,0.015321756894790603
20180315,20180316,20180319,JD,-1,3637.0,3592.0,0.012372834753918064
20180315,20180316,20180319,M,1,3006.0,3034.0,0.009314703925482368
20180315,20180316,20180319,CF,1,14980.0,14975.0,-0.0003337783711615487
20180315,20180316,20180319,PP,1,8888.0,8760.0,-0.0144014401440144
20180315,20180316,20180319,RM,1,2503.0,2507.0,0.0015980823012385138
20180315,20180316,20180319,P,1,5118.0,5090.0,-0.005470887065259867
20180316,20180319,20180320,SM,-1,7628.0,7628.0,-0.0
20180316,20180319,20180320,SF,-1,6120.0,6146.0,-0.004248366013071895
20180316,20180319,20180320,Y,-1,5666.0,5690.0,-0.004235792446170138
20180316,20180319,20180320,I,-1,482.0,462.5,0.04045643153526971
20180316,20180319,20180320,JD,-1,3592.0,3407.0,0.05150334075723831
20180316,20180319,20180320,M,1,3034.0,2987.0,-0.015491100856954515
20180316,20180319,20180320,CF,1,14975.0,14925.0,-0.00333889816360601
20180316,20180319,20180320,PP,1,8760.0,8750.0,-0.001141552511415525
20180316,20180319,20180320,RM,1,2507.0,2478.0,-0.011567610690067811
20180316,20180319,20180320,P,1,5090.0,5102.0,0.002357563850687623
20180319,20180320,20180321,SM,-1,7628.0,7600.0,0.0036706869428421605
20180319,20180320,20180321,SF,-1,6146.0,6298.0,-0.024731532704197853
20180319,20180320,20180321,Y,-1,5690.0,5650.0,0.007029876977152899
20180319,20180320,20180321,I,-1,462.5,461.0,0.003243243243243243
20180319,20180320,20180321,JD,-1,3407.0,3380.0,0.007924860581156443
20180319,20180320,20180321,M,1,2987.0,2976.0,-0.0036826247070639436
20180319,20180320,20180321,C,1,1766.0,1760.0,-0.0033975084937712344
20180319,20180320,20180321,CF,1,14925.0,14910.0,-0.0010050251256281408
20180319,20180320,20180321,PP,1,8750.0,8720.0,-0.0034285714285714284
20180319,20180320,20180321,RM,1,2478.0,2475.0,-0.0012106537530266344
20180320,20180321,20180322,SM,-1,7600.0,7536.0,0.008421052631578947
20180320,20180321,20180322,SF,-1,6298.0,6280.0,0.0028580501746586218
20180320,20180321,20180322,Y,-1,5650.0,5636.0,0.00247787610619469
20180320,20180321,20180322,JD,-1,3380.0,3365.0,0.004437869822485207
20180320,20180321,20180322,FG,-1,1463.0,1459.0,0.002734107997265892
20180320,20180321,20180322,M,1,2976.0,2998.0,0.00739247311827957
20180320,20180321,20180322,C,1,1760.0,1755.0,-0.002840909090909091
20180320,20180321,20180322,CF,1,14910.0,15015.0,0.007042253521126761
20180320,20180321,20180322,PP,1,8720.0,8750.0,0.0034403669724770644
20180320,20180321,20180322,RM,1,2475.0,2481.0,0.0024242424242424242
20180321,20180322,20180323,SM,-1,7536.0,7376.0,0.021231422505307854
20180321,20180322,20180323,SF,-1,6280.0,6120.0,0.025477707006369428
20180321,20180322,20180323,Y,-1,5636.0,5678.0,-0.007452093683463449
20180321,20180322,20180323,JD,-1,3365.0,3392.0,-0.008023774145616641
20180321,20180322,20180323,FG,-1,1459.0,1387.0,0.04934886908841672
20180321,20180322,20180323,M,1,2998.0,3000.0,0.00066711140760507
20180321,20180322,20180323,C,1,1755.0,1744.0,-0.0062678062678062675
20180321,20180322,20180323,CF,1,15015.0,15035.0,0.001332001332001332
20180321,20180322,20180323,PP,1,8750.0,8698.0,-0.005942857142857143
20180321,20180322,20180323,RM,1,2481.0,2460.0,-0.008464328899637243
20180322,20180323,20180326,SM,-1,7376.0,7380.0,-0.0005422993492407809
20180322,20180323,20180326,SF,-1,6120.0,6096.0,0.00392156862745098
20180322,20180323,20180326,Y,-1,5678.0,5816.0,-0.02430433251144769
20180322,20180323,20180326,I,-1,465.5,437.5,0.06015037593984962
20180322,20180323,20180326,JD,-1,3392.0,3461.0,-0.02034198113207547
20180322,20180323,20180326,M,1,3000.0,3038.0,0.012666666666666666
20180322,20180323,20180326,C,1,1744.0,1756.0,0.006880733944954129
20180322,20180323,20180326,CF,1,15035.0,15495.0,0.030595277685400733
20180322,20180323,20180326,PP,1,8698.0,8575.0,-0.014141181880892159
20180322,20180323,20180326,RM,1,2460.0,2490.0,0.012195121951219513
20180323,20180326,20180327,SM,-1,7380.0,7374.0,0.0008130081300813008
20180323,20180326,20180327,SF,-1,6096.0,6028.0,0.01115485564304462
20180323,20180326,20180327,Y,-1,5816.0,5856.0,-0.0068775790921595595
20180323,20180326,20180327,I,-1,437.5,438.0,-0.001142857142857143
20180323,20180326,20180327,JD,-1,3461.0,3400.0,0.01762496388327073
20180323,20180326,20180327,M,1,3038.0,3086.0,0.015799868334430547
20180323,20180326,20180327,C,1,1756.0,1759.0,0.0017084282460136675
20180323,20180326,20180327,CF,1,15495.0,15485.0,-0.0006453694740238787
20180323,20180326,20180327,PP,1,8575.0,8517.0,-0.006763848396501458
20180323,20180326,20180327,RM,1,2490.0,2528.0,0.015261044176706828
20180326,20180327,20180328,SM,-1,7374.0,7348.0,0.003525901817195552
20180326,20180327,20180328,SF,-1,6028.0,5810.0,0.036164565361645654
20180326,20180327,20180328,Y,-1,5856.0,5800.0,0.009562841530054645
20180326,20180327,20180328,JD,-1,3400.0,3397.0,0.0008823529411764706
20180326,20180327,20180328,FG,-1,1384.0,1377.0,0.0050578034682080926
20180326,20180327,20180328,M,1,3086.0,3061.0,-0.008101101749837978
20180326,20180327,20180328,C,1,1759.0,1745.0,-0.007959067652075043
20180326,20180327,20180328,CF,1,15485.0,15475.0,-0.0006457862447529867
20180326,20180327,20180328,PP,1,8517.0,8580.0,0.007396970764353646
20180326,20180327,20180328,RM,1,2528.0,2500.0,-0.011075949367088608
20180327,20180328,20180329,SM,-1,7348.0,7410.0,-0.008437670114316821
20180327,20180328,20180329,SF,-1,5810.0,5848.0,-0.006540447504302926
20180327,20180328,20180329,Y,-1,5800.0,5780.0,0.0034482758620689655
20180327,20180328,20180329,I,-1,443.5,439.0,0.010146561443066516
20180327,20180328,20180329,JD,-1,3397.0,3350.0,0.0138357374153665
20180327,20180328,20180329,M,1,3061.0,3041.0,-0.006533812479581836
20180327,20180328,20180329,C,1,1745.0,1745.0,0.0
20180327,20180328,20180329,CF,1,15475.0,15285.0,-0.012277867528271405
20180327,20180328,20180329,PP,1,8580.0,8540.0,-0.004662004662004662
20180327,20180328,20180329,RM,1,2500.0,2494.0,-0.0024
20180328,20180329,20180330,SM,-1,7410.0,7404.0,0.0008097165991902834
20180328,20180329,20180330,SF,-1,5848.0,5812.0,0.006155950752393981
20180328,20180329,20180330,Y,-1,5780.0,5722.0,0.010034602076124567
20180328,20180329,20180330,JD,-1,3350.0,3189.0,0.04805970149253731
20180328,20180329,20180330,FG,-1,1375.0,1380.0,-0.0036363636363636364
20180328,20180329,20180330,M,1,3041.0,3015.0,-0.008549819138441302
20180328,20180329,20180330,C,1,1745.0,1748.0,0.0017191977077363897
20180328,20180329,20180330,CF,1,15285.0,15285.0,0.0
20180328,20180329,20180330,PP,1,8540.0,8688.0,0.017330210772833723
20180328,20180329,20180330,RM,1,2494.0,2473.0,-0.008420208500400962
20180329,20180330,20180402,SM,-1,7404.0,7630.0,-0.030524041058887088
20180329,20180330,20180402,SF,-1,5812.0,5930.0,-0.020302821748107363
20180329,20180330,20180402,Y,-1,5722.0,5820.0,-0.017126878713736457
20180329,20180330,20180402,JD,-1,3189.0,3310.0,-0.03794292881781123
20180329,20180330,20180402,FG,-1,1380.0,1416.0,-0.02608695652173913
20180329,20180330,20180402,M,1,3015.0,3160.0,0.04809286898839138
20180329,20180330,20180402,C,1,1748.0,1746.0,-0.0011441647597254005
20180329,20180330,20180402,CF,1,15285.0,15290.0,0.00032711808963035657
20180329,20180330,20180402,PP,1,8688.0,8750.0,0.007136279926335175
20180329,20180330,20180402,RM,1,2473.0,2570.0,0.039223615042458554
20180330,20180402,20180403,SM,-1,7630.0,7552.0,0.010222804718217562
20180330,20180402,20180403,SF,-1,5930.0,5904.0,0.004384485666104553
20180330,20180402,20180403,Y,-1,5820.0,5900.0,-0.013745704467353952
20180330,20180402,20180403,JD,-1,3310.0,3317.0,-0.0021148036253776435
20180330,20180402,20180403,FG,-1,1416.0,1391.0,0.01765536723163842
20180330,20180402,20180403,M,1,3160.0,3165.0,0.0015822784810126582
20180330,20180402,20180403,C,1,1746.0,1749.0,0.001718213058419244
20180330,20180402,20180403,CF,1,15290.0,15275.0,-0.0009810333551340746
20180330,20180402,20180403,PP,1,8750.0,8819.0,0.007885714285714286
20180330,20180402,20180403,RM,1,2570.0,2589.0,0.007392996108949416
20180402,20180403,20180404,SM,-1,7552.0,7508.0,0.005826271186440678
20180402,20180403,20180404,SF,-1,5904.0,5874.0,0.00508130081300813
20180402,20180403,20180404,Y,-1,5900.0,5882.0,0.0030508474576271187
20180402,20180403,20180404,I,-1,447.0,455.5,-0.01901565995525727
20180402,20180403,20180404,JD,-1,3317.0,3308.0,0.0027132951462164605
20180402,20180403,20180404,M,1,3165.0,3161.0,-0.001263823064770932
20180402,20180403,20180404,C,1,1749.0,1746.0,-0.0017152658662092624
20180402,20180403,20180404,CF,1,15275.0,15260.0,-0.0009819967266775777
20180402,20180403,20180404,PP,1,8819.0,8820.0,0.00011339154099104207
20180402,20180403,20180404,RM,1,2589.0,2580.0,-0.0034762456546929316
20180403,20180404,20180409,SM,-1,7508.0,7460.0,0.006393180607352157
20180403,20180404,20180409,SF,-1,5874.0,5814.0,0.010214504596527068
20180403,20180404,20180409,Y,-1,5882.0,6176.0,-0.0499829989799388
20180403,20180404,20180409,I,-1,455.5,438.0,0.038419319429198684
20180403,20180404,20180409,JD,-1,3308.0,4020.0,-0.21523579201934703
20180403,20180404,20180409,M,1,3161.0,3397.0,0.07465991774754824
20180403,20180404,20180409,C,1,1746.0,1764.0,0.010309278350515464
20180403,20180404,20180409,CF,1,15260.0,15310.0,0.00327653997378768
20180403,20180404,20180409,PP,1,8820.0,9000.0,0.02040816326530612
20180403,20180404,20180409,RM,1,2580.0,2734.0,0.059689922480620154
20180404,20180409,20180410,SM,-1,7460.0,7550.0,-0.012064343163538873
20180404,20180409,20180410,SF,-1,5814.0,5856.0,-0.007223942208462332
20180404,20180409,20180410,Y,-1,6176.0,5976.0,0.03238341968911917
20180404,20180409,20180410,I,-1,438.0,444.0,-0.0136986301369863
20180404,20180409,20180410,JD,-1,4020.0,4030.0,-0.0024875621890547263
20180404,20180409,20180410,M,1,3397.0,3325.0,-0.021195172210774212
20180404,20180409,20180410,C,1,1764.0,1759.0,-0.002834467120181406
20180404,20180409,20180410,CF,1,15310.0,15300.0,-0.0006531678641410843
20180404,20180409,20180410,PP,1,9000.0,9073.0,0.00811111111111111
20180404,20180409,20180410,RM,1,2734.0,2710.0,-0.008778346744696415
20180409,20180410,20180411,SM,-1,7550.0,7632.0,-0.010860927152317882
20180409,20180410,20180411,SF,-1,5856.0,5920.0,-0.01092896174863388
20180409,20180410,20180411,Y,-1,5976.0,5940.0,0.006024096385542169
20180409,20180410,20180411,JD,-1,4030.0,4002.0,0.006947890818858561
20180409,20180410,20180411,FG,-1,1337.0,1342.0,-0.0037397157816005983
20180409,20180410,20180411,M,1,3325.0,3250.0,-0.022556390977443608
20180409,20180410,20180411,C,1,1759.0,1750.0,-0.00511654349061967
20180409,20180410,20180411,CF,1,15300.0,15275.0,-0.0016339869281045752
20180409,20180410,20180411,PP,1,9073.0,9140.0,0.007384547558690621
20180409,20180410,20180411,RM,1,2710.0,2681.0,-0.010701107011070111
20180410,20180411,20180412,SM,-1,7632.0,7478.0,0.02017819706498952
20180410,20180411,20180412,SF,-1,5920.0,5900.0,0.0033783783783783786
20180410,20180411,20180412,Y,-1,5940.0,5900.0,0.006734006734006734
20180410,20180411,20180412,I,-1,452.5,448.5,0.008839779005524863
20180410,20180411,20180412,FG,-1,1342.0,1351.0,-0.0067064083457526085
20180410,20180411,20180412,M,1,3250.0,3251.0,0.0003076923076923077
20180410,20180411,20180412,C,1,1750.0,1747.0,-0.0017142857142857142
20180410,20180411,20180412,CF,1,15275.0,15325.0,0.0032733224222585926
20180410,20180411,20180412,PP,1,9140.0,9068.0,-0.00787746170678337
20180410,20180411,20180412,RM,1,2681.0,2687.0,0.002237970906378217
20180411,20180412,20180413,SM,-1,7478.0,7490.0,-0.0016047071409467772
20180411,20180412,20180413,SF,-1,5900.0,5836.0,0.010847457627118645
20180411,20180412,20180413,Y,-1,5900.0,5840.0,0.010169491525423728
20180411,20180412,20180413,I,-1,448.5,448.0,0.0011148272017837235
20180411,20180412,20180413,FG,-1,1351.0,1356.0,-0.003700962250185048
20180411,20180412,20180413,M,1,3251.0,3220.0,-0.009535527529990772
20180411,20180412,20180413,C,1,1747.0,1744.0,-0.0017172295363480253
20180411,20180412,20180413,CF,1,15325.0,15295.0,-0.001957585644371941
20180411,20180412,20180413,PP,1,9068.0,9041.0,-0.0029775033083370094
20180411,20180412,20180413,RM,1,2687.0,2661.0,-0.009676218831410495
20180412,20180413,20180416,SM,-1,7490.0,7800.0,-0.04138851802403204
20180412,20180413,20180416,SF,-1,5836.0,6226.0,-0.06682659355723097
20180412,20180413,20180416,Y,-1,5840.0,5836.0,0.0006849315068493151
20180412,20180413,20180416,FG,-1,1356.0,1367.0,-0.008112094395280236
20180412,20180413,20180416,M,1,3220.0,3229.0,0.0027950310559006213
20180412,20180413,20180416,C,1,1744.0,1746.0,0.0011467889908256881
20180412,20180413,20180416,CF,1,15295.0,15385.0,0.005884275907159202
20180412,20180413,20180416,PP,1,9041.0,9005.0,-0.003981860413671054
20180412,20180413,20180416,RM,1,2661.0,2670.0,0.0033821871476888386
20180413,20180416,20180417,SM,-1,7800.0,7698.0,0.013076923076923076
20180413,20180416,20180417,SF,-1,6226.0,6188.0,0.006103437198843559
20180413,20180416,20180417,Y,-1,5836.0,5800.0,0.00616860863605209
20180413,20180416,20180417,I,-1,454.0,439.0,0.03303964757709251
20180413,20180416,20180417,M,1,3229.0,3211.0,-0.005574481263549086
20180413,20180416,20180417,C,1,1746.0,1741.0,-0.0028636884306987398
20180413,20180416,20180417,CF,1,15385.0,15385.0,0.0
20180413,20180416,20180417,PP,1,9005.0,8936.0,-0.007662409772348695
20180413,20180416,20180417,RM,1,2670.0,2666.0,-0.00149812734082397
20180416,20180417,20180418,SM,-1,7698.0,7908.0,-0.027279812938425563
20180416,20180417,20180418,SF,-1,6188.0,6550.0,-0.05850032320620556
20180416,20180417,20180418,Y,-1,5800.0,5816.0,-0.002758620689655172
20180416,20180417,20180418,I,-1,439.0,441.0,-0.004555808656036446
20180416,20180417,20180418,FG,-1,1350.0,1350.0,-0.0
20180416,20180417,20180418,M,1,3211.0,3256.0,0.014014325755216444
20180416,20180417,20180418,C,1,1741.0,1740.0,-0.0005743825387708214
20180416,20180417,20180418,CF,1,15385.0,15370.0,-0.0009749756256093598
20180416,20180417,20180418,PP,1,8936.0,9000.0,0.007162041181736795
20180416,20180417,20180418,RM,1,2666.0,2694.0,0.010502625656414103
20180417,20180418,20180419,SM,-1,7908.0,7938.0,-0.0037936267071320183
20180417,20180418,20180419,SF,-1,6550.0,6316.0,0.03572519083969466
20180417,20180418,20180419,Y,-1,5816.0,5808.0,0.001375515818431912
20180417,20180418,20180419,FG,-1,1350.0,1380.0,-0.022222222222222223
20180417,20180418,20180419,M,1,3256.0,3226.0,-0.009213759213759214
20180417,20180418,20180419,C,1,1740.0,1738.0,-0.0011494252873563218
20180417,20180418,20180419,CF,1,15370.0,15345.0,-0.0016265452179570592
20180417,20180418,20180419,PP,1,9000.0,9047.0,0.005222222222222222
20180417,20180418,20180419,RM,1,2694.0,2668.0,-0.009651076466221232
20180418,20180419,20180420,SM,-1,7938.0,7828.0,0.013857394809775762
20180418,20180419,20180420,SF,-1,6316.0,6150.0,0.026282457251424952
20180418,20180419,20180420,Y,-1,5808.0,5822.0,-0.0024104683195592287
20180418,20180419,20180420,FG,-1,1380.0,1383.0,-0.002173913043478261
20180418,20180419,20180420,M,1,3226.0,3209.0,-0.0052696838189708614
20180418,20180419,20180420,C,1,1738.0,1739.0,0.0005753739930955121
20180418,20180419,20180420,CF,1,15345.0,15370.0,0.0016291951775822744
20180418,20180419,20180420,PP,1,9047.0,9010.0,-0.004089753509450646
20180418,20180419,20180420,RM,1,2668.0,2651.0,-0.006371814092953523
20180419,20180420,20180423,SM,-1,7828.0,7702.0,0.016096065406234032
20180419,20180420,20180423,SF,-1,6150.0,6140.0,0.0016260162601626016
20180419,20180420,20180423,Y,-1,5822.0,5818.0,0.0006870491240123669
20180419,20180420,20180423,I,-1,475.0,462.0,0.02736842105263158
20180419,20180420,20180423,FG,-1,1383.0,1373.0,0.0072306579898770785
20180419,20180420,20180423,M,1,3209.0,3228.0,0.005920847616079776
20180419,20180420,20180423,C,1,1739.0,1744.0,0.002875215641173088
20180419,20180420,20180423,CF,1,15370.0,15400.0,0.001951854261548471
20180419,20180420,20180423,PP,1,9010.0,8820.0,-0.021087680355160933
20180419,20180420,20180423,RM,1,2651.0,2656.0,0.001886080724254998
20180420,20180423,20180424,SM,-1,7702.0,7698.0,0.0005193456245131135
20180420,20180423,20180424,SF,-1,6140.0,6174.0,-0.005537459283387622
20180420,20180423,20180424,Y,-1,5818.0,5824.0,-0.0010312822275696115
20180420,20180423,20180424,FG,-1,1373.0,1380.0,-0.005098324836125273
20180420,20180423,20180424,M,1,3228.0,3205.0,-0.007125154894671623
20180420,20180423,20180424,C,1,1744.0,1742.0,-0.0011467889908256881
20180420,20180423,20180424,CF,1,15400.0,15455.0,0.0035714285714285713
20180420,20180423,20180424,PP,1,8820.0,8855.0,0.003968253968253968
20180420,20180423,20180424,RM,1,2656.0,2651.0,-0.0018825301204819277
20180423,20180424,20180425,SM,-1,7698.0,7430.0,0.034814237464276435
20180423,20180424,20180425,SF,-1,6174.0,6400.0,-0.0366051182377713
20180423,20180424,20180425,Y,-1,5824.0,5762.0,0.010645604395604396
20180423,20180424,20180425,I,-1,473.5,470.0,0.007391763463569166
20180423,20180424,20180425,FG,-1,1380.0,1391.0,-0.007971014492753623
20180423,20180424,20180425,M,1,3205.0,3194.0,-0.0034321372854914196
20180423,20180424,20180425,C,1,1742.0,1738.0,-0.002296211251435132
20180423,20180424,20180425,CF,1,15455.0,15415.0,-0.002588159171789065
20180423,20180424,20180425,PP,1,8855.0,8820.0,-0.003952569169960474
20180423,20180424,20180425,RM,1,2651.0,2641.0,-0.003772161448509996
20180424,20180425,20180426,SM,-1,7430.0,7446.0,-0.0021534320323014803
20180424,20180425,20180426,SF,-1,6400.0,6522.0,-0.0190625
20180424,20180425,20180426,Y,-1,5762.0,5772.0,-0.0017355085039916696
20180424,20180425,20180426,I,-1,470.0,467.5,0.005319148936170213
20180424,20180425,20180426,FG,-1,1391.0,1380.0,0.007907979870596693
20180424,20180425,20180426,M,1,3194.0,3203.0,0.002817783343769568
20180424,20180425,20180426,C,1,1738.0,1737.0,-0.0005753739930955121
20180424,20180425,20180426,CF,1,15415.0,15330.0,-0.005514109633473889
20180424,20180425,20180426,PP,1,8820.0,8940.0,0.013605442176870748
20180424,20180425,20180426,RM,1,2641.0,2663.0,0.008330177962892843
20180425,20180426,20180427,SM,-1,7446.0,7530.0,-0.011281224818694601
20180425,20180426,20180427,SF,-1,6522.0,6488.0,0.005213124808341
20180425,20180426,20180427,Y,-1,5772.0,5738.0,0.00589050589050589
20180425,20180426,20180427,I,-1,467.5,465.0,0.0053475935828877
20180425,20180426,20180427,FG,-1,1380.0,1383.0,-0.002173913043478261
20180425,20180426,20180427,M,1,3203.0,3181.0,-0.006868560724320949
20180425,20180426,20180427,C,1,1737.0,1728.0,-0.0051813471502590676
20180425,20180426,20180427,CF,1,15330.0,15415.0,0.005544683626875407
20180425,20180426,20180427,PP,1,8940.0,8950.0,0.0011185682326621924
20180425,20180426,20180427,RM,1,2663.0,2651.0,-0.004506196019526849
20180426,20180427,20180502,SM,-1,7530.0,7380.0,0.0199203187250996
20180426,20180427,20180502,SF,-1,6488.0,6460.0,0.004315659679408138
20180426,20180427,20180502,Y,-1,5738.0,5704.0,0.0059254095503659815
20180426,20180427,20180502,I,-1,465.0,463.5,0.0032258064516129032
20180426,20180427,20180502,FG,-1,1383.0,1378.0,0.0036153289949385392
20180426,20180427,20180502,M,1,3181.0,3220.0,0.012260295504558314
20180426,20180427,20180502,C,1,1728.0,1732.0,0.0023148148148148147
20180426,20180427,20180502,CF,1,15415.0,15415.0,0.0
20180426,20180427,20180502,PP,1,8950.0,8970.0,0.0022346368715083797
20180426,20180427,20180502,RM,1,2651.0,2682.0,0.011693700490380989
20180427,20180502,20180503,SM,-1,7380.0,7354.0,0.0035230352303523035
20180427,20180502,20180503,SF,-1,6460.0,6434.0,0.004024767801857585
20180427,20180502,20180503,Y,-1,5704.0,5750.0,-0.008064516129032258
20180427,20180502,20180503,FG,-1,1378.0,1376.0,0.001451378809869376
20180427,20180502,20180503,M,1,3220.0,3223.0,0.0009316770186335404
20180427,20180502,20180503,C,1,1732.0,1737.0,0.002886836027713626
20180427,20180502,20180503,CF,1,15415.0,15450.0,0.0022705157314304248
20180427,20180502,20180503,PP,1,8970.0,9200.0,0.02564102564102564
20180427,20180502,20180503,RM,1,2682.0,2674.0,-0.002982848620432513
20180502,20180503,20180504,SM,-1,7354.0,7304.0,0.006799020940984498
20180502,20180503,20180504,SF,-1,6434.0,6442.0,-0.0012433944668946222
20180502,20180503,20180504,Y,-1,5750.0,5768.0,-0.003130434782608696
20180502,20180503,20180504,FG,-1,1376.0,1381.0,-0.003633720930232558
20180502,20180503,20180504,M,1,3223.0,3221.0,-0.0006205398696866273
20180502,20180503,20180504,C,1,1737.0,1739.0,0.0011514104778353484
20180502,20180503,20180504,CF,1,15450.0,15555.0,0.006796116504854369
20180502,20180503,20180504,PP,1,9200.0,9220.0,0.002173913043478261
20180502,20180503,20180504,RM,1,2674.0,2675.0,0.00037397157816005983
20180503,20180504,20180507,SM,-1,7304.0,7336.0,-0.004381161007667032
20180503,20180504,20180507,SF,-1,6442.0,6518.0,-0.011797578391803787
20180503,20180504,20180507,Y,-1,5768.0,5770.0,-0.00034674063800277393
20180503,20180504,20180507,I,-1,473.5,470.0,0.007391763463569166
20180503,20180504,20180507,FG,-1,1381.0,1371.0,0.00724112961622013
20180503,20180504,20180507,M,1,3221.0,3210.0,-0.0034150884818379386
20180503,20180504,20180507,C,1,1739.0,1744.0,0.002875215641173088
20180503,20180504,20180507,CF,1,15555.0,15545.0,-0.0006428801028608164
20180503,20180504,20180507,PP,1,9220.0,9299.0,0.008568329718004338
20180503,20180504,20180507,RM,1,2675.0,2648.0,-0.010093457943925233
20180504,20180507,20180508,SM,-1,7336.0,7278.0,0.007906215921483098
20180504,20180507,20180508,SF,-1,6518.0,6628.0,-0.016876342436330162
20180504,20180507,20180508,Y,-1,5770.0,5812.0,-0.007279029462738302
20180504,20180507,20180508,FG,-1,1371.0,1385.0,-0.010211524434719184
20180504,20180507,20180508,M,1,3210.0,3158.0,-0.0161993769470405
20180504,20180507,20180508,C,1,1744.0,1742.0,-0.0011467889908256881
20180504,20180507,20180508,CF,1,15545.0,15750.0,0.013187520102926986
20180504,20180507,20180508,RM,1,2648.0,2623.0,-0.00944108761329305
20180504,20180507,20180508,P,1,4950.0,4984.0,0.006868686868686869
20180507,20180508,20180509,SM,-1,7278.0,7128.0,0.020610057708161583
20180507,20180508,20180509,SF,-1,6628.0,6556.0,0.010863005431502716
20180507,20180508,20180509,Y,-1,5812.0,5782.0,0.00516173434273916
20180507,20180508,20180509,FG,-1,1385.0,1378.0,0.005054151624548736
20180507,20180508,20180509,M,1,3158.0,3100.0,-0.01836605446485117
20180507,20180508,20180509,C,1,1742.0,1746.0,0.002296211251435132
20180507,20180508,20180509,CF,1,15750.0,15705.0,-0.002857142857142857
20180507,20180508,20180509,RM,1,2623.0,2565.0,-0.02211208539839878
20180507,20180508,20180509,P,1,4984.0,4986.0,0.0004012841091492777
20180508,20180509,20180510,SM,-1,7128.0,7120.0,0.001122334455667789
20180508,20180509,20180510,SF,-1,6556.0,6600.0,-0.006711409395973154
20180508,20180509,20180510,Y,-1,5782.0,5826.0,-0.007609823590453131
20180508,20180509,20180510,I,-1,474.0,468.0,0.012658227848101266
20180508,20180509,20180510,FG,-1,1378.0,1352.0,0.018867924528301886
20180508,20180509,20180510,M,1,3100.0,3102.0,0.0006451612903225806
20180508,20180509,20180510,C,1,1746.0,1749.0,0.001718213058419244
20180508,20180509,20180510,V,1,6970.0,6950.0,-0.0028694404591104736
20180508,20180509,20180510,CF,1,15705.0,15660.0,-0.0028653295128939827
20180508,20180509,20180510,RM,1,2565.0,2555.0,-0.003898635477582846
20180509,20180510,20180511,SM,-1,7120.0,7102.0,0.0025280898876404493
20180509,20180510,20180511,SF,-1,6600.0,6530.0,0.010606060606060607
20180509,20180510,20180511,Y,-1,5826.0,5846.0,-0.0034328870580157913
20180509,20180510,20180511,I,-1,468.0,471.5,-0.007478632478632479
20180509,20180510,20180511,FG,-1,1352.0,1357.0,-0.0036982248520710057
20180509,20180510,20180511,M,1,3102.0,3114.0,0.0038684719535783366
20180509,20180510,20180511,C,1,1749.0,1752.0,0.0017152658662092624
20180509,20180510,20180511,V,1,6950.0,6925.0,-0.0035971223021582736
20180509,20180510,20180511,CF,1,15660.0,15690.0,0.0019157088122605363
20180509,20180510,20180511,RM,1,2555.0,2574.0,0.007436399217221135
20180510,20180511,20180514,SM,-1,7102.0,7120.0,-0.0025344973246972683
20180510,20180511,20180514,SF,-1,6530.0,6580.0,-0.007656967840735069
20180510,20180511,20180514,Y,-1,5846.0,5826.0,0.0034211426616489907
20180510,20180511,20180514,FG,-1,1357.0,1352.0,0.0036845983787767134
20180510,20180511,20180514,M,1,3114.0,3065.0,-0.01573538856775851
20180510,20180511,20180514,C,1,1752.0,1754.0,0.001141552511415525
20180510,20180511,20180514,V,1,6925.0,6885.0,-0.005776173285198556
20180510,20180511,20180514,CF,1,15690.0,16400.0,0.04525175270873168
20180510,20180511,20180514,RM,1,2574.0,2524.0,-0.019425019425019424
20180511,20180514,20180515,SM,-1,7120.0,7272.0,-0.021348314606741574
20180511,20180514,20180515,SF,-1,6580.0,6718.0,-0.020972644376899698
20180511,20180514,20180515,Y,-1,5826.0,5782.0,0.007552351527634741
20180511,20180514,20180515,FG,-1,1352.0,1361.0,-0.006656804733727811
20180511,20180514,20180515,M,1,3065.0,3032.0,-0.010766721044045677
20180511,20180514,20180515,C,1,1754.0,1762.0,0.004561003420752566
20180511,20180514,20180515,CF,1,16400.0,16435.0,0.002134146341463415
20180511,20180514,20180515,RM,1,2524.0,2504.0,-0.00792393026941363
20180511,20180514,20180515,P,1,5088.0,5076.0,-0.0023584905660377358
20180514,20180515,20180516,SM,-1,7272.0,7318.0,-0.0063256325632563256
20180514,20180515,20180516,SF,-1,6718.0,6748.0,-0.004465614766299494
20180514,20180515,20180516,Y,-1,5782.0,5768.0,0.002421307506053269
20180514,20180515,20180516,FG,-1,1361.0,1365.0,-0.0029390154298310064
20180514,20180515,20180516,M,1,3032.0,3028.0,-0.0013192612137203166
20180514,20180515,20180516,C,1,1762.0,1766.0,0.0022701475595913734
20180514,20180515,20180516,CF,1,16435.0,16360.0,-0.004563431700638881
20180514,20180515,20180516,RM,1,2504.0,2493.0,-0.00439297124600639
20180514,20180515,20180516,P,1,5076.0,5088.0,0.002364066193853428
20180515,20180516,20180517,SM,-1,7318.0,7580.0,-0.03580213172998087
20180515,20180516,20180517,SF,-1,6748.0,6900.0,-0.022525192649673977
20180515,20180516,20180517,Y,-1,5768.0,5740.0,0.0048543689320388345
20180515,20180516,20180517,I,-1,485.0,482.0,0.006185567010309278
20180515,20180516,20180517,FG,-1,1365.0,1366.0,-0.0007326007326007326
20180515,20180516,20180517,M,1,3028.0,2972.0,-0.018494055482166448
20180515,20180516,20180517,C,1,1766.0,1769.0,0.0016987542468856172
20180515,20180516,20180517,CF,1,16360.0,17085.0,0.04431540342298289
20180515,20180516,20180517,RM,1,2493.0,2444.0,-0.01965503409546731
20180515,20180516,20180517,P,1,5088.0,5060.0,-0.00550314465408805
20180516,20180517,20180518,SM,-1,7580.0,7542.0,0.005013192612137203
20180516,20180517,20180518,SF,-1,6900.0,6708.0,0.02782608695652174
20180516,20180517,20180518,Y,-1,5740.0,5750.0,-0.0017421602787456446
20180516,20180517,20180518,I,-1,482.0,483.5,-0.0031120331950207467
20180516,20180517,20180518,FG,-1,1366.0,1366.0,-0.0
20180516,20180517,20180518,M,1,2972.0,2977.0,0.0016823687752355316
20180516,20180517,20180518,C,1,1769.0,1770.0,0.0005652911249293386
20180516,20180517,20180518,CF,1,17085.0,17010.0,-0.004389815627743635
20180516,20180517,20180518,RM,1,2444.0,2446.0,0.0008183306055646482
20180516,20180517,20180518,P,1,5060.0,5080.0,0.003952569169960474
20180517,20180518,20180521,SM,-1,7542.0,7562.0,-0.0026518164942985947
20180517,20180518,20180521,SF,-1,6708.0,6770.0,-0.009242695289206918
20180517,20180518,20180521,Y,-1,5750.0,5810.0,-0.010434782608695653
20180517,20180518,20180521,I,-1,483.5,477.5,0.012409513960703205
20180517,20180518,20180521,FG,-1,1366.0,1351.0,0.010980966325036604
20180517,20180518,20180521,M,1,2977.0,2953.0,-0.008061807188444743
20180517,20180518,20180521,C,1,1770.0,1774.0,0.0022598870056497176
20180517,20180518,20180521,CF,1,17010.0,17600.0,0.03468547912992358
20180517,20180518,20180521,RM,1,2446.0,2440.0,-0.0024529844644317253
20180517,20180518,20180521,P,1,5080.0,5128.0,0.009448818897637795
20180518,20180521,20180522,SM,-1,7562.0,7554.0,0.0010579211848717272
20180518,20180521,20180522,SF,-1,6770.0,6760.0,0.0014771048744460858
20180518,20180521,20180522,Y,-1,5810.0,5794.0,0.002753872633390706
20180518,20180521,20180522,I,-1,477.5,464.0,0.028272251308900525
20180518,20180521,20180522,FG,-1,1351.0,1379.0,-0.02072538860103627
20180518,20180521,20180522,M,1,2953.0,2952.0,-0.0003386386725364037
20180518,20180521,20180522,C,1,1774.0,1779.0,0.002818489289740699
20180518,20180521,20180522,CF,1,17600.0,18070.0,0.026704545454545453
20180518,20180521,20180522,RM,1,2440.0,2442.0,0.000819672131147541
20180518,20180521,20180522,P,1,5128.0,5138.0,0.0019500780031201249
20180521,20180522,20180523,SM,-1,7554.0,7554.0,-0.0
20180521,20180522,20180523,SF,-1,6760.0,6700.0,0.008875739644970414
20180521,20180522,20180523,Y,-1,5794.0,5844.0,-0.00862961684501208
20180521,20180522,20180523,I,-1,464.0,458.5,0.011853448275862068
20180521,20180522,20180523,FG,-1,1379.0,1384.0,-0.0036258158085569255
20180521,20180522,20180523,M,1,2952.0,2970.0,0.006097560975609756
20180521,20180522,20180523,C,1,1779.0,1769.0,-0.005621135469364812
20180521,20180522,20180523,CF,1,18070.0,17905.0,-0.009131156613171001
20180521,20180522,20180523,RM,1,2442.0,2450.0,0.003276003276003276
20180521,20180522,20180523,P,1,5138.0,5190.0,0.01012066952121448
20180522,20180523,20180524,SM,-1,7554.0,7434.0,0.015885623510722795
20180522,20180523,20180524,SF,-1,6700.0,6622.0,0.011641791044776119
20180522,20180523,20180524,Y,-1,5844.0,5800.0,0.007529089664613279
20180522,20180523,20180524,I,-1,458.5,456.0,0.0054525627044711015
20180522,20180523,20180524,FG,-1,1384.0,1377.0,0.0050578034682080926
20180522,20180523,20180524,M,1,2970.0,2977.0,0.0023569023569023568
20180522,20180523,20180524,C,1,1769.0,1766.0,-0.0016958733747880158
20180522,20180523,20180524,CF,1,17905.0,17650.0,-0.014241831890533371
20180522,20180523,20180524,RM,1,2450.0,2475.0,0.01020408163265306
20180522,20180523,20180524,P,1,5190.0,5148.0,-0.008092485549132947
20180523,20180524,20180525,SM,-1,7434.0,7398.0,0.004842615012106538
20180523,20180524,20180525,SF,-1,6622.0,6488.0,0.02023557837511326
20180523,20180524,20180525,Y,-1,5800.0,5836.0,-0.006206896551724138
20180523,20180524,20180525,FG,-1,1377.0,1386.0,-0.006535947712418301
20180523,20180524,20180525,M,1,2977.0,3040.0,0.02116224386966745
20180523,20180524,20180525,C,1,1766.0,1785.0,0.010758776896942242
20180523,20180524,20180525,CF,1,17650.0,17905.0,0.014447592067988669
20180523,20180524,20180525,RM,1,2475.0,2532.0,0.02303030303030303
20180523,20180524,20180525,P,1,5148.0,5190.0,0.008158508158508158
20180524,20180525,20180528,SM,-1,7398.0,7350.0,0.006488240064882401
20180524,20180525,20180528,SF,-1,6488.0,6530.0,-0.006473489519112207
20180524,20180525,20180528,Y,-1,5836.0,5790.0,0.007882111034955449
20180524,20180525,20180528,I,-1,460.0,453.5,0.014130434782608696
20180524,20180525,20180528,FG,-1,1386.0,1388.0,-0.001443001443001443
20180524,20180525,20180528,M,1,3040.0,3030.0,-0.003289473684210526
20180524,20180525,20180528,C,1,1785.0,1779.0,-0.0033613445378151263
20180524,20180525,20180528,CF,1,17905.0,17920.0,0.0008377548170901983
20180524,20180525,20180528,RM,1,2532.0,2521.0,-0.004344391785150079
20180524,20180525,20180528,P,1,5190.0,5116.0,-0.014258188824662813
20180525,20180528,20180529,SM,-1,7350.0,7406.0,-0.007619047619047619
20180525,20180528,20180529,SF,-1,6530.0,6494.0,0.005513016845329249
20180525,20180528,20180529,Y,-1,5790.0,5746.0,0.0075993091537132984
20180525,20180528,20180529,I,-1,453.5,453.0,0.0011025358324145535
20180525,20180528,20180529,FG,-1,1388.0,1424.0,-0.025936599423631124
20180525,20180528,20180529,M,1,3030.0,3038.0,0.0026402640264026403
20180525,20180528,20180529,C,1,1779.0,1784.0,0.002810567734682406
20180525,20180528,20180529,CF,1,17920.0,17890.0,-0.0016741071428571428
20180525,20180528,20180529,RM,1,2521.0,2525.0,0.0015866719555731853
20180525,20180528,20180529,P,1,5116.0,5042.0,-0.014464425332290852
20180528,20180529,20180530,SM,-1,7406.0,7526.0,-0.016203078584931137
20180528,20180529,20180530,SF,-1,6494.0,6610.0,-0.017862642439174622
20180528,20180529,20180530,Y,-1,5746.0,5802.0,-0.009745910198398886
20180528,20180529,20180530,FG,-1,1424.0,1426.0,-0.0014044943820224719
20180528,20180529,20180530,M,1,3038.0,3060.0,0.007241606319947334
20180528,20180529,20180530,CF,1,17890.0,18850.0,0.05366126327557295
20180528,20180529,20180530,PP,1,9081.0,9155.0,0.00814888228168704
20180528,20180529,20180530,RM,1,2525.0,2545.0,0.007920792079207921
20180528,20180529,20180530,P,1,5042.0,5072.0,0.005950019833399445
20180529,20180530,20180531,SM,-1,7526.0,7590.0,-0.008503853308530427
20180529,20180530,20180531,SF,-1,6610.0,6550.0,0.009077155824508321
20180529,20180530,20180531,Y,-1,5802.0,5842.0,-0.006894174422612892
20180529,20180530,20180531,I,-1,463.5,455.5,0.017259978425026967
20180529,20180530,20180531,FG,-1,1426.0,1422.0,0.002805049088359046
20180529,20180530,20180531,M,1,3060.0,3042.0,-0.0058823529411764705
20180529,20180530,20180531,CF,1,18850.0,18590.0,-0.013793103448275862
20180529,20180530,20180531,PP,1,9155.0,9250.0,0.010376843255051884
20180529,20180530,20180531,RM,1,2545.0,2530.0,-0.005893909626719057
20180529,20180530,20180531,P,1,5072.0,5100.0,0.005520504731861199
20180530,20180531,20180601,SM,-1,7590.0,7564.0,0.0034255599472990776
20180530,20180531,20180601,SF,-1,6550.0,6606.0,-0.008549618320610687
20180530,20180531,20180601,Y,-1,5842.0,5848.0,-0.0010270455323519343
20180530,20180531,20180601,FG,-1,1422.0,1434.0,-0.008438818565400843
20180530,20180531,20180601,M,1,3042.0,3026.0,-0.005259697567389875
20180530,20180531,20180601,CF,1,18590.0,18650.0,0.0032275416890801506
20180530,20180531,20180601,PP,1,9250.0,9161.0,-0.00962162162162162
20180530,20180531,20180601,RM,1,2530.0,2510.0,-0.007905138339920948
20180530,20180531,20180601,P,1,5100.0,5098.0,-0.000392156862745098
20180531,20180601,20180604,SM,-1,7564.0,7650.0,-0.011369645690111053
20180531,20180601,20180604,SF,-1,6606.0,6670.0,-0.009688162276718135
20180531,20180601,20180604,Y,-1,5848.0,5868.0,-0.003419972640218878
20180531,20180601,20180604,I,-1,463.0,460.0,0.0064794816414686825
20180531,20180601,20180604,FG,-1,1434.0,1451.0,-0.011854951185495118
20180531,20180601,20180604,M,1,3026.0,3034.0,0.0026437541308658294
20180531,20180601,20180604,C,1,1778.0,1769.0,-0.005061867266591676
20180531,20180601,20180604,CF,1,18650.0,18855.0,0.01099195710455764
20180531,20180601,20180604,RM,1,2510.0,2498.0,-0.004780876494023904
20180531,20180601,20180604,P,1,5098.0,5094.0,-0.0007846214201647705
20180601,20180604,20180605,SM,-1,7650.0,7582.0,0.008888888888888889
20180601,20180604,20180605,SF,-1,6670.0,6660.0,0.0014992503748125937
20180601,20180604,20180605,Y,-1,5868.0,5876.0,-0.0013633265167007499
20180601,20180604,20180605,I,-1,460.0,456.5,0.007608695652173913
20180601,20180604,20180605,FG,-1,1451.0,1447.0,0.0027567195037904893
20180601,20180604,20180605,M,1,3034.0,3041.0,0.0023071852340145024
20180601,20180604,20180605,C,1,1769.0,1765.0,-0.0022611644997173543
20180601,20180604,20180605,CF,1,18855.0,18370.0,-0.025722619994696366
20180601,20180604,20180605,RM,1,2498.0,2506.0,0.0032025620496397116
20180601,20180604,20180605,P,1,5094.0,5086.0,-0.0015704750687082843
20180604,20180605,20180606,SM,-1,7582.0,7580.0,0.0002637826431020839
20180604,20180605,20180606,SF,-1,6660.0,6550.0,0.016516516516516516
20180604,20180605,20180606,Y,-1,5876.0,5836.0,0.0068073519400953025
20180604,20180605,20180606,FG,-1,1447.0,1447.0,-0.0
20180604,20180605,20180606,M,1,3041.0,3011.0,-0.009865175928970734
20180604,20180605,20180606,C,1,1765.0,1764.0,-0.0005665722379603399
20180604,20180605,20180606,CF,1,18370.0,17680.0,-0.03756124115405553
20180604,20180605,20180606,RM,1,2506.0,2480.0,-0.010375099760574621
20180604,20180605,20180606,P,1,5086.0,5034.0,-0.010224144710971293
20180605,20180606,20180607,SM,-1,7580.0,7616.0,-0.00474934036939314
20180605,20180606,20180607,SF,-1,6550.0,6622.0,-0.01099236641221374
20180605,20180606,20180607,Y,-1,5836.0,5806.0,0.005140507196710075
20180605,20180606,20180607,FG,-1,1447.0,1446.0,0.000691085003455425
20180605,20180606,20180607,M,1,3011.0,3003.0,-0.002656924609764198
20180605,20180606,20180607,C,1,1764.0,1760.0,-0.0022675736961451248
20180605,20180606,20180607,CF,1,17680.0,17705.0,0.001414027149321267
20180605,20180606,20180607,RM,1,2480.0,2475.0,-0.0020161290322580645
20180605,20180606,20180607,P,1,5034.0,5018.0,-0.0031783869686134287
20180606,20180607,20180608,SM,-1,7616.0,7558.0,0.007615546218487395
20180606,20180607,20180608,SF,-1,6622.0,6566.0,0.008456659619450317
20180606,20180607,20180608,Y,-1,5806.0,5826.0,-0.003444712366517396
20180606,20180607,20180608,I,-1,471.0,469.5,0.0031847133757961785
20180606,20180607,20180608,FG,-1,1446.0,1458.0,-0.008298755186721992
20180606,20180607,20180608,M,1,3003.0,2985.0,-0.005994005994005994
20180606,20180607,20180608,C,1,1760.0,1766.0,0.003409090909090909
20180606,20180607,20180608,CF,1,17705.0,17695.0,-0.0005648121999435188
20180606,20180607,20180608,RM,1,2475.0,2463.0,-0.0048484848484848485
20180606,20180607,20180608,P,1,5018.0,5020.0,0.00039856516540454366
20180607,20180608,20180611,SM,-1,7558.0,7800.0,-0.032019052659433715
20180607,20180608,20180611,SF,-1,6566.0,6638.0,-0.01096558026195553
20180607,20180608,20180611,Y,-1,5826.0,5730.0,0.016477857878475798
20180607,20180608,20180611,I,-1,469.5,468.0,0.003194888178913738
20180607,20180608,20180611,FG,-1,1458.0,1453.0,0.003429355281207133
20180607,20180608,20180611,M,1,2985.0,2899.0,-0.0288107202680067
20180607,20180608,20180611,C,1,1766.0,1755.0,-0.00622876557191393
20180607,20180608,20180611,V,1,7020.0,7115.0,0.013532763532763533
20180607,20180608,20180611,CF,1,17695.0,17625.0,-0.003955919751342187
20180607,20180608,20180611,RM,1,2463.0,2384.0,-0.03207470564352416
20180608,20180611,20180612,SM,-1,7800.0,7854.0,-0.006923076923076923
20180608,20180611,20180612,SF,-1,6638.0,6648.0,-0.0015064778547755348
20180608,20180611,20180612,Y,-1,5730.0,5738.0,-0.0013961605584642235
20180608,20180611,20180612,FG,-1,1453.0,1447.0,0.0041293874741913286
20180608,20180611,20180612,M,1,2899.0,2904.0,0.0017247326664367024
20180608,20180611,20180612,C,1,1755.0,1752.0,-0.0017094017094017094
20180608,20180611,20180612,V,1,7115.0,7110.0,-0.0007027406886858749
20180608,20180611,20180612,CF,1,17625.0,17800.0,0.009929078014184398
20180608,20180611,20180612,RM,1,2384.0,2365.0,-0.007969798657718121
20180611,20180612,20180613,SM,-1,7854.0,7846.0,0.0010185892538833714
20180611,20180612,20180613,SF,-1,6648.0,6660.0,-0.0018050541516245488
20180611,20180612,20180613,Y,-1,5738.0,5684.0,0.009410944579993029
20180611,20180612,20180613,FG,-1,1447.0,1459.0,-0.0082930200414651
20180611,20180612,20180613,M,1,2904.0,2910.0,0.002066115702479339
20180611,20180612,20180613,C,1,1752.0,1753.0,0.0005707762557077625
20180611,20180612,20180613,V,1,7110.0,7095.0,-0.002109704641350211
20180611,20180612,20180613,CF,1,17800.0,17740.0,-0.0033707865168539327
20180611,20180612,20180613,RM,1,2365.0,2366.0,0.00042283298097251583
20180612,20180613,20180614,SM,-1,7846.0,7852.0,-0.0007647208768799389
20180612,20180613,20180614,SF,-1,6660.0,6568.0,0.013813813813813814
20180612,20180613,20180614,Y,-1,5684.0,5648.0,0.0063335679099225895
20180612,20180613,20180614,FG,-1,1459.0,1442.0,0.011651816312542838
20180612,20180613,20180614,M,1,2910.0,2946.0,0.012371134020618556
20180612,20180613,20180614,C,1,1753.0,1756.0,0.0017113519680547634
20180612,20180613,20180614,V,1,7095.0,7000.0,-0.013389711064129669
20180612,20180613,20180614,CF,1,17740.0,18040.0,0.016910935738444193
20180612,20180613,20180614,RM,1,2366.0,2375.0,0.0038038884192730348
20180613,20180614,20180615,SM,-1,7852.0,7950.0,-0.012480896586856851
20180613,20180614,20180615,SF,-1,6568.0,6530.0,0.0057856272838002435
20180613,20180614,20180615,Y,-1,5648.0,5646.0,0.0003541076487252125
20180613,20180614,20180615,SR,-1,5235.0,5220.0,0.0028653295128939827
20180613,20180614,20180615,FG,-1,1442.0,1441.0,0.0006934812760055479
20180613,20180614,20180615,M,1,2946.0,2951.0,0.0016972165648336728
20180613,20180614,20180615,C,1,1756.0,1765.0,0.005125284738041002
20180613,20180614,20180615,V,1,7000.0,6900.0,-0.014285714285714285
20180613,20180614,20180615,CF,1,18040.0,17595.0,-0.02466740576496674
20180613,20180614,20180615,RM,1,2375.0,2381.0,0.0025263157894736842
20180614,20180615,20180619,SM,-1,7950.0,7936.0,0.001761006289308176
20180614,20180615,20180619,SF,-1,6530.0,6450.0,0.01225114854517611
20180614,20180615,20180619,Y,-1,5646.0,5758.0,-0.01983705278072972
20180614,20180615,20180619,SR,-1,5220.0,5215.0,0.0009578544061302681
20180614,20180615,20180619,FG,-1,1441.0,1465.0,-0.016655100624566273
20180614,20180615,20180619,M,1,2951.0,3095.0,0.04879701796001355
20180614,20180615,20180619,C,1,1765.0,1768.0,0.0016997167138810198
20180614,20180615,20180619,V,1,6900.0,6810.0,-0.013043478260869565
20180614,20180615,20180619,CF,1,17595.0,17505.0,-0.005115089514066497
20180614,20180615,20180619,RM,1,2381.0,2470.0,0.0373792524149517
20180615,20180619,20180620,SM,-1,7936.0,7940.0,-0.0005040322580645161
20180615,20180619,20180620,SF,-1,6450.0,6354.0,0.014883720930232559
20180615,20180619,20180620,Y,-1,5758.0,5482.0,0.04793331017714484
20180615,20180619,20180620,I,-1,469.0,450.0,0.04051172707889126
20180615,20180619,20180620,SR,-1,5215.0,5110.0,0.020134228187919462
20180615,20180619,20180620,M,1,3095.0,3055.0,-0.012924071082390954
20180615,20180619,20180620,C,1,1768.0,1763.0,-0.002828054298642534
20180615,20180619,20180620,CF,1,17505.0,16650.0,-0.04884318766066838
20180615,20180619,20180620,RM,1,2470.0,2455.0,-0.006072874493927126
20180615,20180619,20180620,A,1,3651.0,3658.0,0.001917282936181868
20180619,20180620,20180621,SM,-1,7940.0,8040.0,-0.012594458438287154
20180619,20180620,20180621,SF,-1,6354.0,6432.0,-0.012275731822474031
20180619,20180620,20180621,Y,-1,5482.0,5492.0,-0.0018241517694272164
20180619,20180620,20180621,I,-1,450.0,454.0,-0.008888888888888889
20180619,20180620,20180621,SR,-1,5110.0,5133.0,-0.004500978473581213
20180619,20180620,20180621,M,1,3055.0,3046.0,-0.0029459901800327334
20180619,20180620,20180621,C,1,1763.0,1771.0,0.0045377197958026095
20180619,20180620,20180621,CF,1,16650.0,16910.0,0.015615615615615615
20180619,20180620,20180621,RM,1,2455.0,2453.0,-0.000814663951120163
20180619,20180620,20180621,A,1,3658.0,3660.0,0.0005467468562055768
20180620,20180621,20180622,SM,-1,8040.0,8040.0,-0.0
20180620,20180621,20180622,SF,-1,6432.0,6432.0,-0.0
20180620,20180621,20180622,Y,-1,5492.0,5492.0,-0.0
20180620,20180621,20180622,SR,-1,5133.0,5133.0,-0.0
20180620,20180621,20180622,FG,-1,1461.0,1461.0,-0.0
20180620,20180621,20180622,M,1,3046.0,3046.0,0.0
20180620,20180621,20180622,C,1,1771.0,1771.0,0.0
20180620,20180621,20180622,CF,1,16910.0,16910.0,0.0
20180620,20180621,20180622,RM,1,2453.0,2453.0,0.0
20180620,20180621,20180622,A,1,3660.0,3660.0,0.0
20180621,20180622,20180625,SM,-1,8040.0,8120.0,-0.009950248756218905
20180621,20180622,20180625,SF,-1,6432.0,6600.0,-0.026119402985074626
20180621,20180622,20180625,Y,-1,5492.0,5500.0,-0.0014566642388929353
20180621,20180622,20180625,SR,-1,5133.0,5150.0,-0.003311903370348724
20180621,20180622,20180625,FG,-1,1461.0,1457.0,0.0027378507871321013
20180621,20180622,20180625,M,1,3046.0,2974.0,-0.023637557452396585
20180621,20180622,20180625,C,1,1771.0,1767.0,-0.002258610954263128
20180621,20180622,20180625,CF,1,16910.0,16955.0,0.0026611472501478417
20180621,20180622,20180625,PP,1,9150.0,9050.0,-0.01092896174863388
20180621,20180622,20180625,RM,1,2453.0,2389.0,-0.026090501426824297
20180622,20180625,20180626,SM,-1,8120.0,8112.0,0.0009852216748768472
20180622,20180625,20180626,SF,-1,6600.0,6634.0,-0.005151515151515152
20180622,20180625,20180626,Y,-1,5500.0,5514.0,-0.0025454545454545456
20180622,20180625,20180626,SR,-1,5150.0,5153.0,-0.0005825242718446602
20180622,20180625,20180626,FG,-1,1457.0,1441.0,0.01098146877144818
20180622,20180625,20180626,M,1,2974.0,3002.0,0.00941492938802959
20180622,20180625,20180626,C,1,1767.0,1776.0,0.0050933786078098476
20180622,20180625,20180626,CF,1,16955.0,16955.0,0.0
20180622,20180625,20180626,PP,1,9050.0,8980.0,-0.0077348066298342545
20180622,20180625,20180626,RM,1,2389.0,2411.0,0.009208874005860193
20180625,20180626,20180627,SM,-1,8112.0,8100.0,0.0014792899408284023
20180625,20180626,20180627,SF,-1,6634.0,6896.0,-0.03949351823937293
20180625,20180626,20180627,Y,-1,5514.0,5502.0,0.002176278563656148
20180625,20180626,20180627,I,-1,464.0,462.5,0.003232758620689655
20180625,20180626,20180627,SR,-1,5153.0,5161.0,-0.0015524936929943722
20180625,20180626,20180627,M,1,3002.0,3061.0,0.01965356429047302
20180625,20180626,20180627,C,1,1776.0,1783.0,0.003941441441441441
20180625,20180626,20180627,CF,1,16955.0,16850.0,-0.006192863462105573
20180625,20180626,20180627,PP,1,8980.0,9085.0,0.011692650334075724
20180625,20180626,20180627,RM,1,2411.0,2441.0,0.01244296972210701
20180626,20180627,20180628,SM,-1,8100.0,8146.0,-0.005679012345679012
20180626,20180627,20180628,SF,-1,6896.0,6900.0,-0.000580046403712297
20180626,20180627,20180628,Y,-1,5502.0,5574.0,-0.013086150490730643
20180626,20180627,20180628,I,-1,462.5,462.5,-0.0
20180626,20180627,20180628,SR,-1,5161.0,5145.0,0.0031001743848091453
20180626,20180627,20180628,M,1,3061.0,3128.0,0.02188827180659915
20180626,20180627,20180628,C,1,1783.0,1785.0,0.0011217049915872126
20180626,20180627,20180628,CF,1,16850.0,16850.0,0.0
20180626,20180627,20180628,PP,1,9085.0,9116.0,0.0034122179416620803
20180626,20180627,20180628,RM,1,2441.0,2495.0,0.02212208111429742
20180627,20180628,20180629,SM,-1,8146.0,8144.0,0.00024551927326295114
20180627,20180628,20180629,SF,-1,6900.0,6918.0,-0.0026086956521739132
20180627,20180628,20180629,Y,-1,5574.0,5564.0,0.001794043774668102
20180627,20180628,20180629,SR,-1,5145.0,5128.0,0.003304178814382896
20180627,20180628,20180629,FG,-1,1428.0,1439.0,-0.007703081232492998
20180627,20180628,20180629,M,1,3128.0,3122.0,-0.0019181585677749361
20180627,20180628,20180629,C,1,1785.0,1781.0,-0.002240896358543417
20180627,20180628,20180629,CF,1,16850.0,16670.0,-0.010682492581602374
20180627,20180628,20180629,PP,1,9116.0,9102.0,-0.00153576129881527
20180627,20180628,20180629,RM,1,2495.0,2494.0,-0.0004008016032064128
20180628,20180629,20180702,SM,-1,8144.0,8168.0,-0.0029469548133595285
20180628,20180629,20180702,SF,-1,6918.0,6948.0,-0.004336513443191674
20180628,20180629,20180702,Y,-1,5564.0,5580.0,-0.002875629043853343
20180628,20180629,20180702,SR,-1,5128.0,5111.0,0.0033151326053042123
20180628,20180629,20180702,FG,-1,1439.0,1453.0,-0.009728978457261988
20180628,20180629,20180702,M,1,3122.0,3226.0,0.033311979500320305
20180628,20180629,20180702,CF,1,16670.0,16735.0,0.003899220155968806
20180628,20180629,20180702,PP,1,9102.0,9271.0,0.01856734783564052
20180628,20180629,20180702,RM,1,2494.0,2535.0,0.01643945469125902
20180628,20180629,20180702,P,1,4828.0,4856.0,0.00579950289975145
20180629,20180702,20180703,SM,-1,8168.0,8060.0,0.013222331047992164
20180629,20180702,20180703,SF,-1,6948.0,6834.0,0.016407599309153715
20180629,20180702,20180703,Y,-1,5580.0,5608.0,-0.005017921146953405
20180629,20180702,20180703,I,-1,474.0,463.5,0.022151898734177215
20180629,20180702,20180703,SR,-1,5111.0,5050.0,0.011935042066131872
20180629,20180702,20180703,M,1,3226.0,3246.0,0.006199628022318661
20180629,20180702,20180703,CF,1,16735.0,16695.0,-0.0023902001792650133
20180629,20180702,20180703,PP,1,9271.0,9236.0,-0.0037752130298781147
20180629,20180702,20180703,RM,1,2535.0,2582.0,0.01854043392504931
20180629,20180702,20180703,P,1,4856.0,4870.0,0.002883031301482702
20180702,20180703,20180704,SM,-1,8060.0,7930.0,0.016129032258064516
20180702,20180703,20180704,SF,-1,6834.0,6830.0,0.000585308750365818
20180702,20180703,20180704,Y,-1,5608.0,5608.0,-0.0
20180702,20180703,20180704,I,-1,463.5,463.0,0.0010787486515641855
20180702,20180703,20180704,SR,-1,5050.0,5050.0,-0.0
20180702,20180703,20180704,M,1,3246.0,3220.0,-0.008009858287122612
20180702,20180703,20180704,CF,1,16695.0,16730.0,0.0020964360587002098
20180702,20180703,20180704,RM,1,2582.0,2572.0,-0.0038729666924864447
20180702,20180703,20180704,P,1,4870.0,4860.0,-0.002053388090349076
20180702,20180703,20180704,L,1,9210.0,9230.0,0.002171552660152009
20180703,20180704,20180705,SM,-1,7930.0,7788.0,0.01790668348045397
20180703,20180704,20180705,SF,-1,6830.0,6666.0,0.024011713030746704
20180703,20180704,20180705,Y,-1,5608.0,5580.0,0.004992867332382311
20180703,20180704,20180705,I,-1,463.0,459.5,0.00755939524838013
20180703,20180704,20180705,SR,-1,5050.0,5005.0,0.00891089108910891
20180703,20180704,20180705,M,1,3220.0,3193.0,-0.008385093167701863
20180703,20180704,20180705,CF,1,16730.0,16465.0,-0.015839808726838017
20180703,20180704,20180705,RM,1,2572.0,2538.0,-0.013219284603421462
20180703,20180704,20180705,P,1,4860.0,4812.0,-0.009876543209876543
20180703,20180704,20180705,L,1,9230.0,9255.0,0.0027085590465872156
20180704,20180705,20180706,SM,-1,7788.0,7828.0,-0.005136106831022085
20180704,20180705,20180706,SF,-1,6666.0,6702.0,-0.0054005400540054005
20180704,20180705,20180706,Y,-1,5580.0,5588.0,-0.0014336917562724014
20180704,20180705,20180706,I,-1,459.5,457.0,0.00544069640914037
20180704,20180705,20180706,SR,-1,5005.0,4942.0,0.012587412587412588
20180704,20180705,20180706,M,1,3193.0,3193.0,0.0
20180704,20180705,20180706,CF,1,16465.0,16245.0,-0.013361676283024598
20180704,20180705,20180706,RM,1,2538.0,2551.0,0.00512214342001576
20180704,20180705,20180706,P,1,4812.0,4804.0,-0.0016625103906899418
20180704,20180705,20180706,L,1,9255.0,9155.0,-0.010804970286331712
