合约,日期,前收盘,下一开盘价,开盘价,开盘价1,最高价,最低价,收盘价,收盘价1,成交量,成交额,成交笔数,涨跌(收盘价),涨跌幅(收盘价),振幅(收盘价),均价,持仓量,持仓量变化,前结算价,结算价,涨跌(结算价),涨跌幅(结算价),最近交易日期,市场最近交易日,MA_5,MA_10,MA_20,MA_30,MA_40,MA_60,持仓量变化,资金变动,价格变动贡献度,分类
PB,20180102,-2.6489741072928865,19005.0,-2.4023699214573995,19160.0,-3.1766104677576124,-2.413309282230422,-5.334622546842596,18880.0,19020.0,19005.0,-140,-155.0,-11.190935800280158,0.0,40980.0,674.0,0.0,0.0,0.0,0.0,0.0,0,0,0.0,0.0,0.0,0.0,0.0,0.0,0.0,0.0,-11.246475034973322,-1.0
PB,20180103,-5.243203094961181,19250.0,-5.254634805025859,19005.0,-3.1766104677576124,1.0060529408644996,-1.668906593233153,19095.0,19310.0,19250.0,305,245.0,17.888770573608426,0.0,42516.0,1536.0,4.788899932943082,0.0,0.0,0.0,0.0,0,0,0.0,0.0,0.0,0.0,0.0,0.0,4.788899932943082,4.71326042804526,17.65134302286458,1.0
PB,20180104,-0.21728774941521323,19350.0,-0.7395956927780887,19250.0,-0.12389491898238703,3.1159199533100335,0.21402380189910275,19205.0,19405.0,19350.0,155,100.0,7.513866521401589,0.0,43036.0,520.0,-5.473648729033094,0.0,0.0,0.0,0.0,0,0,0.0,0.0,0.0,0.0,0.0,0.0,-5.473648729033094,-5.424747671217212,7.475640946337236,1.0
PB,20180105,1.4337974288283206,19405.0,1.109314103622836,19350.0,0.4542722824233749,4.5180169283845615,2.267441022582375,19325.0,19480.0,19405.0,130,55.0,4.2104506566446815,0.0,42652.0,-384.0,-4.865057328255929,0.0,0.0,0.0,0.0,0,0,0.0,0.0,0.0,0.0,0.0,0.0,-4.865057328255929,-4.852336058360294,4.1829738288705585,1.0
PB,20180108,2.7356916174143038,19445.0,2.1254529295256646,19405.0,0.867197521638964,5.017496382265321,2.609239870811173,19345.0,19405.0,19445.0,0,40.0,3.102379967998317,0.0,41510.0,-1142.0,-4.0700163892407915,0.0,0.0,0.0,0.0,0,0,-0.3149099758497371,0.0,0.0,0.0,0.0,0.0,-4.0700163892407915,-4.064239962883725,3.0899962689276492,-1.0
PB,20180109,1.4337974288283206,19515.0,2.8636339228807515,19445.0,0.3716799772964592,6.212860787957489,2.1819642544198246,19320.0,19620.0,19515.0,175,70.0,5.304049795225353,0.0,40288.0,-1222.0,-0.36167348662255705,0.0,0.0,0.0,0.0,0,0,1.0709038502560446,0.0,0.0,0.0,0.0,0.0,-0.36167348662255705,-0.36412643589000737,5.271116552968046,1.0
PB,20180110,5.157027001185789,19500.0,4.152934958794454,19515.0,3.258938379423185,6.907618825462734,2.694660566660737,19350.0,19415.0,19500.0,-100,-15.0,-0.9097722592248019,0.0,36732.0,-3556.0,-12.50159089227138,0.0,0.0,0.0,0.0,0,0,1.8749180223280177,0.0,0.0,0.0,0.0,0.0,-12.50159089227138,-12.479706775836242,-0.9157744976667459,-1.0
PB,20180111,1.6075020544090677,19405.0,3.8769770706267295,19500.0,1.9402579793730865,3.5169905927821645,2.267441022582375,19325.0,19390.0,19405.0,-110,-95.0,-6.760182938335774,0.0,34752.0,-1980.0,8.644383562710999,0.0,0.0,0.0,0.0,0,0,2.253029073271861,0.0,0.0,0.0,0.0,0.0,8.644383562710999,8.611689157835926,-6.722773195154218,1.0
PB,20180112,1.1731905006888468,19280.0,2.1254529295256646,19405.0,1.9402579793730865,3.01560126042515,-0.21402380189909564,19180.0,19250.0,19280.0,-155,-125.0,-8.930584242227013,0.0,31034.0,-3718.0,-9.359913954306094,0.0,0.0,0.0,0.0,0,0,1.7960760354402439,0.0,0.0,0.0,0.0,0.0,-9.359913954306094,-9.263035056311288,-8.936895978167044,-1.0
PB,20180115,-1.2600655929508235,19165.0,-0.18490885375750565,19280.0,-4.163548474867383,-2.6141413864762555,-3.2069108580233134,19005.0,19185.0,19115.0,-95,-165.0,-11.8541912838553,0.0,29650.0,-1384.0,12.64734356436901,0.0,0.0,0.0,0.0,0,0,0.7242325603239124,0.7105565370817004,0.0,0.0,0.0,0.0,12.64734356436901,12.401498267842904,-11.884134313621942,-1.0
PB,20180116,-1.5206533487661673,19075.0,-2.3100764858108462,19165.0,-2.847166451647851,-1.307773167563333,-6.519862166605819,18810.0,18870.0,19075.0,-295,-90.0,-6.459225642899419,0.0,27980.0,1978.0,17.858164377601554,0.0,0.0,0.0,0.0,0,0,-0.8801423742481518,0.5994394590928351,0.0,0.0,0.0,0.0,17.858164377601554,17.357128770311363,-6.540290962126811,-1.0
PB,20180117,-7.815186885497653,19100.0,-3.968984442450818,19075.0,-9.128388978272959,-1.5088794730648445,-6.43538325674033,18815.0,19195.0,19100.0,120,25.0,2.0664699650425575,0.0,32840.0,4860.0,15.461200146073821,0.0,0.0,0.0,0.0,0,0,-2.561893419947239,0.15254060242966005,0.0,0.0,0.0,0.0,15.461200146073821,15.02294121090587,2.0500974832392913,1.0
PB,20180118,-2.2152064341782207,19220.0,-3.508744914482527,19100.0,-2.9295466092073923,0.0,-1.9254752929439007,19080.0,19330.0,19220.0,230,120.0,9.009774823146145,0.0,37432.0,4592.0,-1.3916316511220117,0.0,0.0,0.0,0.0,0,0,-3.3328811522782473,-0.04806571689311312,0.0,0.0,0.0,0.0,-1.3916316511220117,-1.3721441050923104,8.969263335656251,1.0
PB,20180119,0.13037306219227673,19465.0,-1.294139555344188,19220.0,0.4542722824233749,5.1172995356456,2.7800688725429836,19355.0,19570.0,19465.0,350,245.0,17.624070987030365,0.0,42956.0,5524.0,5.16950511142619,0.0,0.0,0.0,0.0,0,0,-2.782442169163197,0.0,0.0,0.0,0.0,0.0,5.16950511142619,5.156062147816563,17.43218722330346,1.0
PB,20180122,4.2939938086351574,19435.0,3.2323717242551027,19465.0,3.3412523526859204,4.717898943871148,1.9254752929439007,19305.0,19480.0,19435.0,15,-30.0,-2.003979658832364,0.0,40976.0,-1980.0,-34.822401270260336,0.0,0.0,0.0,0.0,0,0,-1.8377165013375887,-0.06411206185667595,0.0,0.0,0.0,0.0,-34.822401270260336,-34.71705172823467,-2.0132396952624276,-1.0
PB,20180123,2.7356916174143038,19580.0,2.6791709315758396,19435.0,1.9402579793730865,9.467844884784114,3.97426534135937,19425.0,19800.0,19580.0,365,145.0,10.65617498523553,0.0,49846.0,8870.0,43.21907494511625,0.0,0.0,0.0,0.0,0,0,0.09659253219447095,0.10394003100848437,0.0,0.0,0.0,0.0,43.21907494511625,43.25185981185548,10.57650695141642,1.0
PB,20180124,8.240933172970031,19690.0,5.346272308049684,19580.0,6.047511565280949,8.782047980648521,6.266337686851465,19560.0,19575.0,19690.0,-5,110.0,8.040673319788937,0.0,47512.0,-2334.0,-43.78641086625652,0.0,0.0,0.0,0.0,0,0,2.4370814732363044,0.43882387828912073,0.0,0.0,0.0,0.0,-43.78641086625652,-43.95009887299618,8.052145743894968,-1.0
PB,20180125,4.380395165976481,19675.0,7.354225491041767,19690.0,4.081393127054412,10.927406233643353,6.012555648726057,19545.0,19650.0,19675.0,-40,-15.0,-0.9122759862788072,0.0,45326.0,-2186.0,0.8876829116412495,0.0,0.0,0.0,0.0,0,0,3.8960392346161896,0.7899357712182393,0.0,0.0,0.0,0.0,0.8876829116412495,0.8900614602125998,-0.9048710676336,1.0
PB,20180126,5.673704388652503,19500.0,7.081413827906211,19675.0,2.7647741103823265,5.814980323781747,3.4628423453094683,19395.0,19470.0,19500.0,-205,-175.0,-12.308700482284394,0.0,43418.0,-1908.0,1.5997241509677878,0.0,0.0,0.0,0.0,0,0,4.021312047560841,1.1345898644383965,0.0,0.0,0.0,0.0,1.5997241509677878,1.59597733970066,-12.342677640721398,-1.0
PB,20180129,2.5622440422924413,19680.0,3.8769770706267295,19500.0,2.847166451647851,11.024189779534574,4.399953128036614,19450.0,19800.0,19680.0,300,180.0,13.107936281153712,0.0,46400.0,2982.0,24.972555928587155,0.0,0.0,0.0,0.0,0,0,4.4749768568418915,1.8473275899701065,2.107077026174153,0.0,0.0,0.0,24.972555928587155,25.034199985177025,12.989151423639498,1.0
PB,20180130,8.240933172970031,19600.0,7.172389309982478,19680.0,7.674831732521149,9.955939255519773,4.485031696906617,19455.0,19540.0,19600.0,-140,-80.0,-5.559668586857988,0.0,42068.0,-4332.0,-34.200858768274124,0.0,0.0,0.0,0.0,0,0,4.5685488901477385,2.8773453201021297,2.6527041003922136,0.0,0.0,0.0,-34.200858768274124,-34.28311580774062,-5.602799577116571,-1.0
PB,20180131,3.7751735135673528,19465.0,5.712532081068581,19600.0,4.574051521074573,6.212860787957489,2.694660566660737,19350.0,19400.0,19465.0,-200,-135.0,-9.571511363382278,0.0,40366.0,-1702.0,14.176733118845135,0.0,0.0,0.0,0.0,0,0,3.913717821816121,3.730455280651789,2.8950113026398796,0.0,0.0,0.0,14.176733118845135,14.144359262196119,-9.567403218166191,-1.0
PB,20180201,1.346934706292089,19500.0,3.2323717242551027,19465.0,1.5276662504181573,6.1134479249141975,3.2069108580233134,19380.0,19570.0,19500.0,105,35.0,2.74814910757096,0.0,40732.0,366.0,11.255673091427212,0.0,0.0,0.0,0.0,0,0,3.3985767226680252,4.209297678999015,3.061143771521259,0.0,0.0,0.0,11.255673091427212,11.245572405595496,2.7218940755527896,1.0
PB,20180202,4.2939938086351574,19690.0,3.8769770706267295,19500.0,4.656094957938485,8.880188551106905,6.857476474566305,19595.0,19660.0,19690.0,160,190.0,13.730990948811005,0.0,41554.0,822.0,2.57380081889017,0.0,0.0,0.0,0.0,0,0,4.021781014037096,4.589280899101766,3.315828006311115,0.0,0.0,0.0,2.57380081889017,2.5959760668070686,13.577358522589876,1.0
PB,20180205,5.845720474590088,19595.0,7.354225491041767,19690.0,3.6703618560697038,8.782047980648521,5.334622546842596,19505.0,19535.0,19595.0,-155,-95.0,-6.674528362629815,0.0,40176.0,-1378.0,-11.80161947424044,0.0,0.0,0.0,0.0,0,0,4.193205620159723,4.906666732413555,3.4669859579412687,0.0,0.0,0.0,-11.80161947424044,-11.873198109687415,-6.65970201781483,-1.0
PB,20180206,3.688638563888638,19495.0,5.621011638678496,19595.0,1.6101990992167714,6.013996481174658,3.633384455968894,19405.0,19465.0,19495.0,-130,-100.0,-7.077214062967968,0.0,37682.0,-2494.0,-6.015950359225265,0.0,0.0,0.0,0.0,0,0,4.037010908648099,4.8749450708967,3.547465834575867,0.0,0.0,0.0,-6.015950359225265,-6.024310629097265,-7.052539860775461,-1.0
PB,20180207,2.4755018323190825,19275.0,3.784948942064567,19495.0,0.12389491898237992,1.5088794730648374,-0.7276440677260041,19150.0,19200.0,19275.0,-295,-220.0,-15.512566926419304,0.0,35130.0,-2552.0,-0.24111749270154803,0.0,0.0,0.0,0.0,0,0,3.408745572520374,4.223441345044023,3.3576796379570766,0.0,0.0,0.0,-0.24111749270154803,-0.24122585820737896,-15.60237815444993,-1.0
PB,20180208,-2.1284197467410593,19110.0,-0.2773620392608791,19275.0,-4.081393127054412,-1.7099474062335887,-3.036215536785761,19015.0,19080.0,19110.0,-195,-165.0,-11.884579672578873,0.0,31164.0,-3966.0,-7.624940336595273,0.0,0.0,0.0,0.0,0,0,2.260554140329262,3.378868217529444,3.0634124623193912,0.0,0.0,0.0,-7.624940336595273,-7.481355373203904,-11.877983465530797,-1.0
PB,20180209,-4.207572148713332,19080.0,-3.3245140986080344,19110.0,-3.999220345415857,-2.9152634224268397,-3.718630678039048,18975.0,19040.0,19080.0,-70,-30.0,-2.060004612546855,0.0,28964.0,-2200.0,9.658032645408724,0.0,0.0,0.0,0.0,0,0,0.3116866656909707,2.707476996232913,2.868870587141913,0.0,0.0,0.0,9.658032645408724,9.45243024441237,-2.051301256204475,1.0
PB,20180212,-4.898354283378055,19085.0,-3.8769770706267224,19080.0,-3.4235520371250487,-3.1159199533100264,-3.121570370101608,19010.0,19030.0,19095.0,-50,15.0,1.301914033069643,0.0,27582.0,-1382.0,4.5494346676974615,0.0,0.0,0.0,0.0,0,0,-1.2473018841226775,2.0034722580502873,2.8736086978281037,7.831907026250043,0.0,0.0,4.5494346676974615,4.457874040264045,1.2897591033796303,1.0
PB,20180213,-4.8120832410413,18970.0,-3.784948942064567,19085.0,-5.475379490910591,-6.013996481174658,-4.825136445158371,18910.0,19005.0,18970.0,-80,-115.0,-8.362516585098625,0.0,28996.0,2210.0,18.981628481479262,0.0,0.0,0.0,0.0,0,0,-2.804814714442209,1.1312105125319576,2.967691493939398,7.85996511554994,0.0,0.0,18.981628481479262,18.544764857991822,-8.336860821726368,-1.0
PB,20180214,-5.501581311202564,19190.0,-5.8954810741015535,18970.0,-6.129144564959752,0.0,-3.5481215485775977,18985.0,19315.0,19190.0,345,220.0,16.201504715408305,0.0,29982.0,986.0,-6.600367935314964,0.0,0.0,0.0,0.0,0,0,-3.3233300444109304,0.5460006377965172,3.1279395646924613,7.756454525930238,0.0,0.0,-6.600367935314964,-6.465802626695762,16.058217892345297,1.0
PB,20180222,-0.13037306219227673,19230.0,-1.8484332977884677,19190.0,-1.4451268564429753,0.0,-0.6420467672358754,19155.0,19295.0,19230.0,105,40.0,3.1272989937532927,0.0,31604.0,1622.0,3.55725764641862,0.0,0.0,0.0,0.0,0,0,-2.883219802485762,0.18512567874611108,3.1991559797140283,7.709282786319285,0.0,0.0,3.55725764641862,3.510952645210928,3.118830749300585,-1.0
PB,20180223,-0.47802397294508836,19365.0,-1.109314103622836,19230.0,-2.187716116161596,2.0114661861902903,0.8132380178019858,19240.0,19375.0,19365.0,145,135.0,10.040921807903324,0.0,34778.0,3174.0,8.515917839710973,0.0,0.0,0.0,0.0,0,0,-2.049223811262131,-0.38159616672385965,3.0900140212809433,7.629127069789142,0.0,0.0,8.515917839710973,8.44719946935021,9.965853513685154,1.0
PB,20180226,0.9125334704635293,19355.0,1.3865421069563126,19365.0,-1.1974729370073192,2.513733318463885,1.0699958256972693,19255.0,19430.0,19355.0,65,-10.0,-0.5558818320003311,0.0,37886.0,3108.0,-0.28495634861504726,0.0,0.0,0.0,0.0,0,0,-1.2770457515562796,-0.7814179002103643,3.042535076191946,7.544249491424061,0.0,0.0,-0.28495634861504726,-0.2864781282133748,-0.5550513247414912,1.0
PB,20180227,1.8680007701780212,19500.0,1.2017300556244948,19355.0,1.8577548426862336,4.717898943871148,4.059440932378976,19430.0,19500.0,19500.0,145,145.0,10.682487355941042,0.0,39120.0,1234.0,-10.08294065952883,0.0,0.0,0.0,0.0,0,0,0.3609138124410336,-0.7414766762578537,3.0472625000784035,7.647773293640128,0.0,0.0,-10.08294065952883,-10.106829473722826,10.573893923594404,1.0
PB,20180228,3.0824279173571654,19300.0,3.8769770706267295,19500.0,1.8577548426862336,3.01560126042515,-0.8132380178019858,19145.0,19205.0,19300.0,-295,-200.0,-14.126335639748952,0.0,41732.0,2612.0,7.581899184988963,0.0,0.0,0.0,0.0,0,0,0.8651223769044805,-0.7495008544837987,2.6541909635007244,7.45430598887399,0.0,0.0,7.581899184988963,7.483803961673061,-14.237540578665588,-1.0
PB,20180301,-2.0416229663356873,19100.0,0.18490885375750565,19300.0,-3.258938379423185,-3.2162188667487186,-2.694660566660737,19035.0,19080.0,19100.0,-220,-200.0,-14.336387066791836,0.0,40584.0,-1148.0,-19.65698922205277,0.0,0.0,0.0,0.0,0,0,0.48670695542030984,-0.7174809142341161,2.1703991255209587,7.1803308889288076,0.0,0.0,-19.65698922205277,-19.328328308052367,-14.317158690902865,-1.0
PB,20180302,-4.207572148713332,18860.0,-3.508744914482527,19100.0,-7.350321217610251,-8.192071443876806,-7.110360239302906,18775.0,18895.0,18860.0,-205,-240.0,-17.176145890076135,0.0,39732.0,-852.0,1.698279424358148,0.0,0.0,0.0,0.0,0,0,-0.9741766769415321,-1.035423406390798,1.5825056269338376,6.798987150865784,0.0,0.0,1.698279424358148,1.6427350558494282,-17.27067633390812,-1.0
PB,20180305,-7.388525207833922,18825.0,-7.898781846510175,18860.0,-8.079736370436521,-7.797718408902092,-7.867221822631706,18730.0,18750.0,18825.0,-110,-35.0,-2.458367951315253,0.0,38082.0,-1650.0,-4.288011420112959,0.0,0.0,0.0,0.0,0,0,-2.6202754488846836,-1.4801683221584057,0.9000007011212716,6.540926514959963,9.539049029570123,0.0,-4.288011420112959,-4.1438015474533785,-2.45625824484474,-1.0
PB,20180306,-9.849570780475297,18615.0,-8.532185802744166,18825.0,-11.601492206579117,-12.084176323685483,-11.684702080227666,18500.0,18640.0,18615.0,-185,-210.0,-15.377812191251884,0.0,37852.0,-230.0,7.807763162584067,0.0,0.0,0.0,0.0,0,0,-5.507533703885329,-2.1226816880023733,0.0,6.254602560176082,9.23618401075673,0.0,7.807763162584067,7.452761388555928,-15.424115481949073,-1.0
PB,20180307,-11.691393987862334,18695.0,-12.280728694582926,18615.0,-11.443237811971073,-11.217551374635782,-9.787634379782574,18615.0,18715.0,18695.0,100,80.0,6.269158273512957,0.0,38032.0,180.0,2.3221970555637768,0.0,0.0,0.0,0.0,0,0,-7.14131750298742,-2.7066423728873943,-0.6947831960161324,6.068586929962727,8.848160707232424,0.0,2.3221970555637768,2.2283706807406745,6.212264987775207,1.0
PB,20180308,-10.438197718159692,18570.0,-10.864230478300982,18695.0,-10.96734019210541,-11.69973028336652,-12.663775232680088,18440.0,18580.0,18570.0,-115,-125.0,-9.253258179953974,0.0,36598.0,-1434.0,-8.697883733612514,0.0,0.0,0.0,0.0,0,0,-8.941829086176568,-3.8300177798095802,-1.5778375152360198,5.471838430283974,8.230920002984874,0.0,-8.697883733612514,-8.277910990889687,-9.29602973172031,-1.0
PB,20180309,-12.685283159283337,18440.0,-13.07044145209548,18570.0,-13.95075690491646,-14.739992083105783,-14.676806507581865,18315.0,18475.0,18440.0,-95,-130.0,-9.69304773924545,0.0,33022.0,-3576.0,-11.497431104028827,0.0,0.0,0.0,0.0,0,0,-10.296138527733454,-5.272872685980396,-2.7746992250423475,4.499133488876502,7.4156961571358835,0.0,-11.497431104028827,-10.8757402600664,-9.733374854022621,-1.0
PB,20180312,-14.40408739983883,18395.0,-15.320006983130504,18440.0,-14.645843199037941,-14.552478967027774,-13.715269747597667,18375.0,18445.0,18475.0,5,35.0,2.8765416312287826,0.0,31340.0,-1682.0,10.33731670510145,0.0,0.0,0.0,0.0,0,0,-11.334522735195932,-6.6436270154842205,-3.831430126000413,3.625309340493935,6.627275653295058,0.0,10.33731670510145,9.806972754620283,2.8608429195476432,1.0
PB,20180313,-16.41249337151239,18150.0,-16.086754714778394,18395.0,-17.375673678218526,-19.74302832920314,-18.80545210040545,18050.0,18120.0,18150.0,-275,-245.0,-18.167510824673805,0.0,34210.0,3246.0,25.138232677134184,0.0,0.0,0.0,0.0,0,0,-12.587949662814836,-8.74723428760776,-5.072634831071923,2.349621673662398,5.609808020821859,0.0,25.138232677134184,23.628348419062945,-18.272770365302694,-1.0
PB,20180314,-19.98486074088478,18330.0,-20.138543245437724,18150.0,-15.565045240074255,-17.869781026991667,-15.786833272848014,18245.0,18385.0,18330.0,235,180.0,14.032040781917203,0.0,34524.0,314.0,-15.572521089721072,0.0,0.0,0.0,0.0,0,0,-13.633783798589349,-10.111728051403993,-5.902934873736925,1.1123094494384418,4.710732131156782,0.0,-15.572521089721072,-14.695875596604004,13.801986524650687,1.0
PB,20180315,-15.854548535798159,18495.0,-17.182546844937114,18330.0,-14.10562902687218,-14.364612468508163,-13.795738850739426,18370.0,18460.0,18495.0,130,165.0,12.743194034875351,0.0,40770.0,6246.0,29.296669984965405,0.0,0.0,0.0,0.0,0,0,-13.830010743282841,-11.115513059899165,-6.494605971979382,0.0,3.9273175286708693,0.0,29.296669984965405,28.046080520309403,12.624910481871723,1.0
PB,20180316,-14.647352328647557,18475.0,-14.374308250768038,18495.0,-15.106552380457586,-15.020590209647224,-13.715269747597667,18375.0,18550.0,18475.0,55,-20.0,-1.363995948197413,0.0,41954.0,1184.0,-25.597278716831102,0.0,0.0,0.0,0.0,0,0,-13.663350479664388,-11.709288796025398,-7.043028411868065,-0.9646459113908392,3.267656728492341,0.0,-25.597278716831102,-24.443342395284752,-1.3573122976934116,1.0
PB,20180319,-13.179126467025355,18460.0,-14.719259306637575,18475.0,-13.484774633868106,-14.082159154477367,-14.83617514732454,18305.0,18345.0,18460.0,-130,-15.0,-0.9725937782914116,0.0,43090.0,1136.0,-0.18631851956125445,0.0,0.0,0.0,0.0,0,0,-13.857608401983448,-12.332819486126027,-7.683966714329991,-2.044164792828809,2.6987324401371424,0.0,-0.18631851956125445,-0.17564584506272496,-0.9781625502010058,-1.0
PB,20180320,-16.49190886574813,18355.0,-14.977182667618315,18460.0,-16.701191373216204,-17.416744126081518,-15.7079827603675,18250.0,18325.0,18355.0,-135,-105.0,-7.923464139454616,0.0,42092.0,-998.0,-11.455418030245347,0.0,0.0,0.0,0.0,0,0,-13.319948278594964,-12.691345285797738,-8.277584276012064,-3.1757584461954664,2.2488378130783175,0.0,-11.455418030245347,-10.798125912833733,-7.883904989339797,1.0
PB,20180321,-16.808831179794232,18290.0,-16.762771547659774,18355.0,-15.945386467585998,-17.869781026991667,-17.27158470080836,18150.0,18355.0,18290.0,0,-65.0,-4.862706922566211,0.0,45806.0,3714.0,24.188763190100914,0.0,0.0,0.0,0.0,0,0,-13.578005787454842,-13.355324572225378,-9.023449051279684,-4.292130204525094,1.7178810503902326,0.0,24.188763190100914,22.82898158978051,-4.8607652681136315,-1.0
PB,20180322,-16.333004527331937,18685.0,-17.84967849797907,18290.0,-14.876471057660623,-8.388942147664899,-13.473500085743034,18390.0,18855.0,18685.0,565,395.0,28.02840722572975,0.0,55834.0,10028.0,30.76395395454564,0.0,0.0,0.0,0.0,0,0,-13.522050826424916,-13.42692870187345,-9.717897402048372,-5.222228595167188,1.151712792956019,0.0,30.76395395454564,29.513092148318634,27.74686702709242,1.0
PB,20180323,-8.0707476126452,18560.0,-11.042125937088151,18685.0,-10.96734019210541,-10.733636484212383,-15.312709170914545,18275.0,18435.0,18560.0,-250,-125.0,-9.184486117152261,0.0,50446.0,-5388.0,-48.2813104502764,0.0,0.0,0.0,0.0,0,0,-13.799152464500239,-13.483128938649202,-10.586292568831809,-6.453920367023542,0.2642495745558051,0.0,-48.2813104502764,-47.69175819765045,-9.379960824494425,-1.0
PB,20180326,-15.05146326529048,18410.0,-13.245200009302827,18560.0,-15.106552380457586,-15.486429170596296,-15.074739229139311,18290.0,18405.0,18410.0,-155,-150.0,-11.26091132368969,0.0,48474.0,-1972.0,18.12345624487658,0.0,0.0,0.0,0.0,0,0,-13.840473658278647,-13.603179832775936,-11.450458885318902,-7.5823072264628735,-0.5697498954426976,0.0,18.12345624487658,17.162631351614607,-11.234909613649869,-1.0
PB,20180327,-15.534150496882418,18535.0,-15.831892448758651,18410.0,-14.491791422797789,-13.3252155280191,-13.554150039234273,18385.0,18570.0,18535.0,160,125.0,9.757851475949572,0.0,49756.0,1282.0,17.32484983430129,0.0,0.0,0.0,0.0,0,0,-13.466833329631896,-13.138724550701554,-12.386792001825185,-8.52780792557165,-1.429397294608087,0.0,17.32484983430129,16.48036013300333,9.668327468065307,1.0
PB,20180328,-12.850133877220493,18610.0,-13.680891049477815,18535.0,-13.251029634552204,-11.988175133629326,-12.256780148358274,18465.0,18645.0,18610.0,110,75.0,5.912756011741116,0.0,50970.0,1214.0,-0.2959160108951977,0.0,0.0,0.0,0.0,0,0,-12.591967159157761,-12.825419254209457,-12.991281418954749,-9.159313453505192,-2.3370984146296934,0.0,-0.2959160108951977,-0.282179841595827,5.883480570240266,1.0
PB,20180329,-11.608211171391247,18660.0,-12.368735546140982,18610.0,-11.838510748109279,-11.120905015378405,-10.86303673782075,18550.0,18735.0,18660.0,125,50.0,3.9941030041605003,0.0,52214.0,1244.0,0.24111749270154803,0.0,0.0,0.0,0.0,0,0,-12.1339414858193,-12.56448249144755,-13.420820076509308,-9.586684749638657,-3.1630225019584017,0.0,0.24111749270154803,0.22992757635957872,3.9716635249135805,1.0
PB,20180330,-10.102121679328015,18710.0,-11.485845993490273,18660.0,-10.410046843439424,-9.370046432567527,-10.698107275889932,18560.0,18825.0,18710.0,165,50.0,3.9758379989490606,0.0,53932.0,1718.0,2.672227084145476,0.0,0.0,0.0,0.0,0,0,-11.320127447357962,-12.295429048154176,-13.608956941748993,-9.966827098849578,-3.8550524984825785,0.0,2.672227084145476,2.5570920216567785,3.969625746738828,-1.0
PB,20180402,-8.580838556124007,18915.0,-10.596961759162681,18710.0,-9.128388978272959,-4.61797255739269,-6.688730342803588,18800.0,18895.0,18915.0,185,205.0,15.301076547088456,0.0,53678.0,-254.0,-10.601824576051058,0.0,0.0,0.0,0.0,0,0,-9.828621016983284,-11.565931576762821,-13.547194272308538,-10.160753550246362,-4.396141186390537,5.048425261239707,-10.601824576051058,-10.287707159812612,15.1687567898297,1.0
PB,20180403,-7.388525207833922,18765.0,-6.899350444892541,18915.0,-8.645159042378637,-8.782047980648528,-9.371988281811504,18640.0,18705.0,18765.0,-210,-150.0,-10.989695553643749,0.0,51850.0,-1828.0,-8.483787117210234,0.0,0.0,0.0,0.0,0,0,-9.079261067201614,-10.99576561507915,-13.425886854698717,-10.407576438130334,-5.071159026490868,4.852838699763964,-8.483787117210234,-8.160971419903078,-11.026264199822556,-1.0
PB,20180404,-10.605946831615654,18680.0,-9.612790396696369,18765.0,-9.8506173965552,-11.314128292047023,-9.870632568292372,18610.0,18640.0,18680.0,-125,-85.0,-6.2696900757217335,0.0,48154.0,-3696.0,-10.051113286281328,0.0,0.0,0.0,0.0,0,0,-8.650200742057784,-10.32676611875771,-13.43024264170559,-10.750095404680458,-5.681991986587214,4.455155475545126,-10.051113286281328,-9.655368617491312,-6.237869684011159,1.0
PB,20180409,-11.691393987862334,18550.0,-11.130987236632336,18680.0,-11.126159309940334,-11.79595155811841,-12.745006643153502,18435.0,18555.0,18550.0,-125,-130.0,-9.661904403195578,0.0,47228.0,-926.0,14.892417460571892,0.0,0.0,0.0,0.0,0,0,-8.988692116218338,-10.26074674680602,-13.434505539642629,-11.40342910371804,-6.455498483207023,3.8259059342578894,14.892417460571892,14.190517012501303,-9.670157029335357,-1.0
PB,20180410,-13.09696779510211,18460.0,-13.419684712929545,18550.0,-12.468371640882538,-14.458589633491194,-13.63474003527405,18380.0,18490.0,18460.0,-60,-90.0,-6.700234956590222,0.0,43980.0,-3248.0,-12.43907062647304,0.0,0.0,0.0,0.0,0,0,-9.515530992926074,-10.108570012620163,-13.379806943352634,-12.179121182841733,-7.44551032547519,3.0524518774754696,-12.43907062647304,-11.810371323176064,-6.695963485993282,-1.0
PB,20180411,-14.160234619365383,18515.0,-14.977182667618315,18460.0,-14.260269633908777,-14.646279954552064,-12.745006643153502,18435.0,18485.0,18495.0,25,35.0,2.874357367201128,0.0,42434.0,-1546.0,9.317280809058069,0.0,0.0,0.0,0.0,0,0,-10.596510948143198,-9.89702963408989,-13.3288528860082,-12.91627126317799,-8.31510638064708,2.3045505465889207,9.317280809058069,8.865468041336023,2.8521232377835233,1.0
PB.SHF,20180412,-14.241583640966141,18375.0,-14.028176896475685,18515.0,-11.838510748109279,-19.124044311193288,-12.093597327706682,18475.0,57724.0,5343967950.0,0,-20.0,-1.3619092360542524,1.59588855829,18515.584332299997,41718.0,49.99999986158599,18.116899440318562,18.098722090323633,20.0,0.9398748774459023,2018/04/12,2018/04/12,-11.079696631164524,-9.764262476320297,-12.975736006702746,-13.772184506815556,-9.068265389243734,1.6084571178066724,49.99999986158599,49.999999260278244,-1.3490092930500097,1.0
PB.SHF,20180413,-14.40408739983883,18300.0,-16.425427552188168,18375.0,-15.945386467585998,-23.168157345077166,-13.876147020036647,18365.0,53978.0,4933775350.0,0,-150.0,-11.236813236830528,1.43437077131,18280.6897254,39844.0,-10.08294065952883,18.13508224987787,17.885160283816177,-235.0,-19.969034043005053,2018/04/13,2018/04/13,-11.787697397334107,-9.911459300636217,-12.875011241735209,-14.459381144499602,-9.695395432490372,0.7998437827814371,-10.08294065952883,-9.560034066789378,-11.189557761536719,1.0
PB.SHF,20180416,-16.17380802969359,18140.0,-17.683423704219777,18300.0,-16.399661621855934,-24.48143889765032,-14.117002690359456,18350.0,52874.0,4810695050.0,0,70.0,5.592418246694962,1.71521916689,18196.8266066,35032.0,-24.507328502219593,17.921159511525758,17.807768136663142,-85.0,-8.085246404996433,2018/04/16,2018/04/16,-12.029316416524324,-10.20681043660828,-12.891953349244723,-15.056453269566077,-10.221981223452111,0.0,-24.507328502219593,-23.358139395174902,5.538714251327946,1.0
PB.SHF,20180417,-16.41249337151239,18050.0,-20.299163206697422,18140.0,-17.15146322396633,-24.319136459298907,-17.194091816195964,18155.0,64858.0,5900656950.0,0,190.0,14.592168797387359,1.38964577657,18195.6179654,46816.0,44.744874553166454,17.633477052837264,17.807768136663142,230.0,18.761862544474624,2018/04/17,2018/04/17,-12.653938321853708,-10.79466637098976,-13.075251197752195,-15.58048037533186,-10.859858120155664,-0.8289164227428074,44.744874553166454,43.54072851674255,14.593527795291124,-1.0
PB.SHF,20180418,-19.45238553578404,18405.0,-21.726618166732848,18050.0,-17.896384234388094,-24.723883067211784,-16.961169815361394,18170.0,67528.0,6123579650.0,0,-25.0,-1.7820424739832887,1.26686863123,18136.4164495,48364.0,8.494497989636486,17.8436359311751,17.753091817194374,-60.0,-5.97614515670584,2018/04/18,2018/04/18,-13.38953173189283,-11.719215781872336,-13.187070610248362,-16.050522232333847,-11.511944302433378,-1.500112728681792,8.494497989636486,7.9677641082171675,-1.7623624846744192,1.0
PB.SHF,20180419,-19.222906990445704,18250.0,-15.916927462202345,18405.0,-13.640327378733893,-20.1817245979225,-14.117002690359456,18350.0,71996.0,6625424800.0,0,215.0,16.536163463703446,1.32085855806,18404.980276700004,46966.0,-7.538848988645917,17.788866554007512,17.99428760788811,265.0,21.26011956797356,2018/04/19,2018/04/19,-13.740834089601265,-12.144071783259577,-13.103362049108554,-16.175822998076328,-11.9479456490401,-1.8706768531748637,-7.538848988645917,-7.13851984147599,16.224413069573743,1.0
PB.SHF,20180420,-16.41249337151239,18465.0,-18.511102033914028,18250.0,-16.550559949581448,-22.75089445699743,-14.517180064513873,18325.0,54986.0,5016047300.0,0,-75.0,-5.625684578984092,1.0899182561299998,18244.816135,47032.0,0.4383892871180777,18.030471590451597,17.84875009928784,-160.0,-14.235679966921388,2018/04/20,2018/04/20,-13.851890609816806,-12.55869406321397,-12.958293687942913,-16.41895388120951,-12.460695162902539,-2.2647028518076837,0.4383892871180777,0.4144472015973477,-5.575873446895024,1.0
PB.SHF,20180423,-16.808831179794232,18305.0,-14.891284237655931,18465.0,-14.568847109080544,-19.918854046150052,-12.663775232680088,18440.0,41808.0,3844037800.0,0,200.0,15.333088481400964,0.900409276944,18389.0059319,48012.0,5.430218933652306,17.8846875343565,17.980655177930373,145.0,11.652018971437037,2018/04/23,2018/04/23,-13.599958422389491,-12.551457895219706,-12.915612101685632,-16.41895388120951,-13.020131151325153,-2.7878971645286157,5.430218933652306,5.165124964963397,15.092572432222724,1.0
PB.SHF,20180424,-14.970775673332433,18410.0,-17.600163391261724,18305.0,-15.412464253028674,-21.050307163467984,-13.876147020036647,18365.0,39132.0,3591745200.0,0,-20.0,-1.365669389055249,0.949023861171,18357.074516999997,47998.0,0.0,18.016816117332752,17.953383036933673,-30.0,-3.3551259604941706,2018/04/24,2018/04/24,-13.02256582721212,-12.572961352932701,-12.839850064350742,-16.377842468925778,-13.69997431164662,-3.5984422094887947,0.0,0.0,-1.3581475681191364,1.0
PB.SHF,20180425,-16.17380802969359,18285.0,-15.831892448758651,18410.0,-15.02991980029855,-21.480095955217376,-16.258481445578454,18215.0,41326.0,3784689200.0,0,-140.0,-10.55674355912997,1.22515654778,18316.261917400003,48204.0,1.2054113299596594,17.98949784609451,17.91700509898388,-40.0,-4.218692944296905,2018/04/25,2018/04/25,-12.899900418451445,-12.88548020206305,-12.902282394982109,-16.508360658620077,-14.49642767130441,-4.481618202447251,1.2054113299596594,1.1329172484018457,-10.535582941575164,-1.0
PB.SHF,20180426,-18.52997439676965,18220.0,-17.93267227577595,18285.0,-17.375673678218526,-23.251222591133413,-16.101544518199226,18225.0,56992.0,5188352550.0,0,-90.0,-6.8273877380683885,0.9607466373870001,18207.3012002,49926.0,9.42384285732183,17.95305831015179,17.81687711372568,-110.0,-10.17723821524934,2018/04/26,2018/04/26,-13.245991896657806,-13.240945898429658,-13.036520461667834,-16.369588864896336,-15.415138790379437,-5.454095861609247,9.42384285732183,8.867419251676942,-6.753852831541643,1.0
PB.SHF,20180427,-18.37508752644592,18350.0,-19.003317336177506,18220.0,-15.183123393928959,-21.736501202905856,-13.795738850739426,18370.0,50264.0,4599557100.0,0,165.0,12.849639271755805,1.2620027434799999,18301.595973299998,50320.0,2.2346604846674296,17.852760395238477,17.90335893344215,95.0,7.451265416524947,2018/04/27,2018/04/27,-13.12029985362743,-13.23382550273827,-13.117540967398241,-16.26725764546167,-16.002007647892427,-6.422640883055223,2.2346604846674296,2.117085793245735,12.624910481871723,1.0
PB.SHF,20180502,-16.094100998956613,18560.0,-16.846897135203967,18350.0,-12.625326236116322,-20.006593705141317,-10.202176596512373,18590.0,33906.0,3129369750.0,0,290.0,21.510706866027192,1.6058791507899999,18459.0913113,55046.0,24.250867707862696,17.939389018574886,18.044252390414186,155.0,12.438690278047915,2018/05/02,2018/05/02,-12.6903814290839,-12.886609472571664,-13.082756233210233,-16.082263982435762,-16.339631919913977,-7.2026686902793315,24.250867707862696,23.374506431610456,21.084504968093825,1.0
PB.SHF,20180503,-12.52019988543394,18525.0,-13.245200009302827,18560.0,-12.468371640882538,-18.230310010179355,-11.520775887196024,18510.0,40122.0,3707157800.0,0,55.0,4.38648337666644,1.10274341044,18479.4267484,54952.0,-0.4383892871180777,18.08052073917537,18.062413290385734,20.0,0.9435876761498676,2018/05/03,2018/05/03,-12.277530141831235,-12.381568175752612,-13.126056208415235,-15.969101902257762,-16.537364650263065,-7.920985713052737,-0.4383892871180777,-0.419044905976115,4.358670222657764,1.0
PB.SHF,20180504,-13.834198745618231,18530.0,-13.854676660514784,18525.0,-13.016792661043041,-17.869781026991667,-10.86303673782075,18550.0,42816.0,3960269550.0,0,75.0,5.931204938072909,0.810372771475,18499.016956299998,58160.0,17.096609768204146,18.09871226886034,18.080569858240423,20.0,0.9417292681838987,2018/05/04,2018/05/04,-11.326577326272528,-11.836337386283759,-13.34550705713606,-15.76385585790078,-16.671415721566248,-8.649992765480079,17.096609768204146,16.398650732912884,5.857519793914122,1.0
PB.SHF,20180507,-13.179126467025355,18875.0,-13.767819322905936,18530.0,-6.699826648595909,-16.502969119150038,-5.589041132057865,18865.0,59922.0,5620347650.0,0,370.0,26.329299876704354,2.53369272237,18758.878709,64864.0,32.194485235610244,18.116899440318562,18.31620935911002,260.0,20.50445691872649,2018/05/07,2018/05/07,-9.454561559411694,-11.069924167624045,-13.146648993872688,-15.239032282830856,-16.398436357580138,-9.129549320123424,32.194485235610244,31.533205008613237,25.732167691960967,1.0
PB.SHF,20180508,-7.900410929165787,18950.0,-7.626685730550989,18875.0,-6.455412501285288,-10.150747103805912,-4.059440932378969,18955.0,32072.0,3030987300.0,0,200.0,14.920324641565713,0.7951232441030001,18901.1430531,64232.0,-3.38256227152786,18.352934404106733,18.447302467372253,145.0,11.320570788305695,2018/05/08,2018/05/08,-7.7011558758138605,-10.124198395085195,-12.840486902867568,-14.54937119815365,-16.141122100283987,-9.4503061159416,-3.38256227152786,-3.308999392760299,14.706357466768452,1.0
PB.SHF,20180509,-6.361094841320941,18930.0,-6.260998040876345,18950.0,-6.2923320278448855,-10.927406233643353,-4.144597894410346,18950.0,39630.0,3744730500.0,0,50.0,3.9319169752010694,1.05513057241,18898.4632854,66900.0,14.371495908133397,18.484246127005505,18.44278586546595,-5.0,-1.1925186140272785,2018/05/09,2018/05/09,-6.602263067772583,-9.349336555145157,-12.385885902590864,-14.059506145036437,-15.757040455897034,-9.798713599519374,14.371495908133397,14.056484768264866,3.8918221880559187,1.0
PB.SHF,20180510,-6.446888112407102,19015.0,-6.62598143377889,18930.0,-6.781241588663242,-9.760883422230961,-4.399953128036621,18935.0,32684.0,3090048350.0,0,40.0,3.1839600473884673,0.580474934037,18908.6302166,67072.0,1.019164724536445,18.47972200979237,18.451818793709435,10.0,0.06509009306881808,2018/05/10,2018/05/10,-5.303997046491489,-8.48312075165881,-11.895833859294882,-13.483531008768658,-15.291540596068621,-10.330718255299644,1.019164724536445,0.9929455792333854,3.1529388648249252,1.0
PB.SHF,20180511,-6.704084346709664,19240.0,-5.071276109614075,19015.0,-2.1052389687979556,-6.610114101692901,-0.5564465103890512,19160.0,62036.0,5938336200.0,0,255.0,18.63460765414932,1.2410879324,19144.8068863,67910.0,4.658303546606433,18.488769966994795,18.663774258955513,235.0,18.236855991522717,2018/05/11,2018/05/11,-3.415157713095681,-7.038881092821811,-11.246117070005091,-12.712535952566995,-14.692122276212714,-10.608361165074847,4.658303546606433,4.599920717650299,18.25641460807067,1.0
PB.SHF,20180514,-2.822396162929074,19465.0,-0.9244648265876165,19240.0,7.2691148787784385,-3.1159199533100264,3.292236610037371,19385.0,89236.0,8699474850.0,0,245.0,17.76827983040961,3.2881002087700004,19497.6799722,62738.0,-26.068771020289095,18.701076702551575,18.98279488224486,355.0,26.340183927932685,2018/05/14,2018/05/14,-1.7811732111356378,-5.242200686474526,-10.421470747607707,-11.81150164599768,-13.677332886890085,-10.624422923431624,-26.068771020289095,-26.065040603571,17.407239955001117,1.0
PB.SHF,20180515,1.086309841475618,19400.0,3.2323717242551027,19465.0,2.5999542825915185,-0.7042751332373172,5.0799841937177135,19490.0,40442.0,3925901400.0,0,-5.0,-0.18798241528694604,1.16069125613,19414.9715642,61776.0,-5.180372726258021,19.02062097580219,18.90653843373667,-85.0,-7.634996377253643,2018/05/15,2018/05/15,-0.09659253219447095,-3.4830895328158675,-9.399051412108896,-10.877515349602248,-12.710159242363204,-10.350746596887028,-5.180372726258021,-5.211068225597451,-0.1844743450517612,1.0
PB.SHF,20180516,2.909087334293936,19335.0,2.0331237973912977,19400.0,1.9402579793730865,-1.8104653869869267,3.718630678039048,19410.0,36262.0,3506350950.0,0,0.0,0.1795535995327029,1.23140071832,19338.9826816,58084.0,-19.329776055667292,18.944239916438676,18.839185829239824,-75.0,-6.861927517921835,2018/05/16,2018/05/16,1.353009170423988,-2.1811764786037386,-8.431164643388051,-10.087044038830605,-11.892110999718021,-10.031792121483022,-19.329776055667292,-19.350741885043544,0.17728826251804009,1.0
PB.SHF,20180517,1.5206533487661673,19420.0,0.8320324936929353,19335.0,4.327805475696863,-0.8048730679216547,3.718630678039048,19410.0,44306.0,4311594100.0,0,75.0,5.666325776242218,1.7259144770700001,19462.8000722,56698.0,-7.474256844845797,18.876776957721603,18.951405028300783,125.0,9.38222206386763,2018/05/17,2018/05/17,2.8477907399358884,-0.753320996462584,-7.289786022736948,-9.301424470910064,-11.07250790211517,-9.679839830663738,-7.474256844845797,-7.485533502797843,5.60751876911695,1.0
PB.SHF,20180518,1.5206533487661673,19600.0,2.4023699214573924,19420.0,5.475379490910591,0.40245701242204035,8.035029539088491,19665.0,30518.0,2983131300.0,0,205.0,14.867244689072294,1.7774343122099998,19549.9790288,57848.0,6.351618027347946,18.9891798704177,19.02761354285461,85.0,6.12337644774604,2018/05/18,2018/05/18,4.425238654359333,1.0184704619690308,-5.917569236611193,-8.495194836409084,-9.98982568061787,-9.150412810501876,6.351618027347946,6.435494470938551,14.539840837907335,1.0
PB.SHF,20180521,5.9316873963335865,19325.0,5.712532081068581,19600.0,8.9674625991372,4.817795460948773,10.698107275889932,19825.0,40364.0,3988154450.0,0,280.0,19.60492987873272,1.7289600813599997,19760.9476266,56780.0,-5.755780000516388,19.06551270949332,19.220010964232785,215.0,16.185190023354536,2018/05/21,2018/05/21,5.779517880224063,2.543992863746503,-4.54822419750694,-7.39049256377848,-8.730241190438662,-8.411003527174273,-5.755780000516388,-5.889371312286777,19.275519130955814,1.0
PB.SHF,20180522,8.665715625821221,19885.0,0.6471549201084272,19325.0,6.373885808637105,-0.3018449992657679,8.37020405435289,19685.0,61356.0,6012316450.0,0,430.0,28.207393203096174,2.19419924338,19598.1369385,61928.0,26.085821914634096,18.804746517432307,19.072403933344106,340.0,25.23637874584786,2018/05/22,2018/05/22,6.37912141181485,3.7058196183274106,-3.2804060789646385,-6.381396575348234,-7.49843682403575,-7.841262851586649,26.085821914634096,26.414005908351683,28.12946794896783,-1.0
PB.SHF,20180523,6.275271634440813,19740.0,10.864230478300975,19885.0,8.564491151113572,3.617204052822096,9.455203655447754,19750.0,50210.0,4943751050.0,0,155.0,11.246323548950855,1.90500381001,19692.296554499997,64234.0,12.501590892271388,19.110376004297365,19.15742759628813,95.0,6.874202813809006,2018/05/23,2018/05/23,7.4209663359361215,4.9733762790447855,-2.051968242471112,-5.147701516364457,-6.390692896196313,-7.357283560175901,12.501590892271388,12.719865843718637,11.097211598948462,1.0
PB.SHF,20180524,7.388525207833929,20000.0,8.26098840075862,19740.0,11.838510748109286,5.715416848001567,13.392790501860205,19990.0,99048.0,9852375350.0,0,300.0,20.782873945168845,2.4050632911400003,19894.1429408,74710.0,42.51983445578291,19.195537719603195,19.33608889019807,200.0,14.952833816441768,2018/05/24,2018/05/24,9.165893784951919,6.623904848562191,-0.5349512624047463,-3.6391153227484736,-4.99686029577164,-6.752777772251946,42.51983445578291,43.1265144412713,20.36472556312215,1.0
PB.SHF,20180525,11.441685350099327,19915.0,12.895412371707948,20000.0,13.795655580841085,12.180103043745035,13.47350008574304,19995.0,103500.0,10394429650.0,0,105.0,7.617357754524967,1.3506753376700003,20085.8543961,78102.0,18.005662335921627,19.37448764820772,19.509842435440348,195.0,14.431107292298535,2018/05/25,2018/05/25,10.139140519644926,7.917430017408158,1.1198957857654648,-2.170647221925236,-3.604519318194207,-6.155179571386832,18.005662335921627,18.51918884645322,7.537050876888749,1.0
PB.SHF,20180528,11.524974838501876,19890.0,11.397220145636844,19915.0,9.610235164439139,5.914507074602874,11.438735288888616,19870.0,97126.0,9616444150.0,0,-215.0,-14.786538066744725,1.6254063515900001,19801.9977143,73886.0,-21.809707920954896,19.548519986722283,19.25574781542504,-285.0,-22.004649264152498,2018/05/28,2018/05/28,10.27120835316655,8.664705144573723,2.6510993077861116,-0.8500557137407228,-2.381884113449601,-5.798970692345883,-21.809707920954896,-22.29418827141389,-14.729441997352197,-1.0
PB.SHF,20180529,9.427741848303981,20045.0,10.953206870870332,19890.0,13.562578927757151,8.192071443876806,14.597025353780424,20065.0,109648.0,10945772900.0,0,265.0,18.46922265101631,2.3150478107700003,19965.294214200003,77094.0,17.096609768204146,19.294017024383137,19.402968907602187,165.0,12.232657116092085,2018/05/29,2018/05/29,11.376774238019863,9.533722402358094,4.225584843823114,0.748917757096315,-1.065741908207393,-5.053614912801848,17.096609768204146,17.645046415631498,18.12793253119338,1.0
PB.SHF,20180530,12.685283159283337,19885.0,13.680891049477815,20045.0,11.126159309940341,8.880188551106905,10.86303673782075,19835.0,70108.0,6973054050.0,0,-130.0,-8.975475743676093,1.34562671318,19892.320562599998,77402.0,1.7639772126508149,19.441475201363673,19.33608889019807,-75.0,-6.694189863323416,2018/05/30,2018/05/30,11.62549362485219,10.18303884579116,5.389597649629415,2.150822712349232,0.0,-4.396376401897427,1.7639772126508149,1.7985247346570503,-8.987564898921235,-1.0
PB.SHF,20180531,8.835347945723228,19970.0,10.864230478300975,19885.0,12.075086227460766,10.248056584432497,12.582487505273491,19940.0,64822.0,6474337450.0,0,50.0,3.7659330281195977,1.31081421729,19975.7411064,77668.0,1.534015167970452,19.37448764820772,19.411881364227497,85.0,5.975472877431656,2018/05/31,2018/05/31,11.482396595672228,10.984705226096068,6.715752193472383,3.8182997827475234,1.1419766239590956,-3.439624790028681,1.534015167970452,1.5711927947714912,3.707930786426502,1.0
PB.SHF,20180601,10.605946831615654,19885.0,12.368735546140982,19970.0,11.443237811971073,7.20473208699606,10.945428490863705,19840.0,67476.0,6711063800.0,0,-135.0,-9.379620453105865,1.8806419257799998,19891.7060881,76808.0,-4.625646520829626,19.450401967070434,19.33608889019807,-85.0,-7.471964820872181,2018/06/01,2018/06/01,11.034949283529507,11.246930727978999,7.909205618435912,5.37504441016209,2.0064077541087855,-2.523767954398892,-4.625646520829626,-4.7380362155829445,-9.331269809930319,1.0
PB.SHF,20180604,8.920102430140311,19895.0,10.864230478300975,19885.0,10.489793504142483,8.388942147664892,11.684702080227673,19885.0,49690.0,4942081400.0,0,-5.0,-0.17955359953269578,1.28528225806,19891.6538539,78392.0,8.68718498828165,19.37448764820772,19.33608889019807,0.0,-0.773459622692279,2018/06/04,2018/06/04,11.07854867507966,11.335706778461919,8.849423527019937,6.807088891395367,3.037343182324861,-1.3842688755329817,8.68718498828165,8.898941483961629,-0.1772882625180472,1.0
PB.SHF,20180605,9.680973944450976,20625.0,11.042125937088151,19895.0,20.588675719226828,10.248056584432497,22.710385907446067,20600.0,229322.0,23378371100.0,0,710.0,39.96963006153946,4.14885592155,20389.1219334,96968.0,49.46687796812388,19.37448764820772,19.776297606348876,495.0,33.37463026856598,2018/06/05,2018/06/05,12.508577453579925,12.619154881377646,10.296344725747396,8.85715165745384,4.628258362364392,0.2020232420605481,49.46687796812388,49.66616456803537,38.928351756160055,1.0
PB.SHF,20180606,21.111495819395657,20700.0,23.196662471581632,20625.0,21.99913243832141,21.99179330970155,23.769849992404986,20675.0,105940.0,10923510200.0,0,290.0,19.403730829720928,1.38349514563,20622.0694733,92412.0,-23.365373070853714,19.815398975987435,19.98428798333957,235.0,16.948337397309473,2018/06/06,2018/06/06,14.74774140304551,13.88651240601515,11.790154916991249,10.840382667782656,6.4023549928876236,1.9799198530071749,-23.365373070853714,-24.711564550572085,19.154951220643028,1.0
PB.SHF,20180607,22.217823343679996,20700.0,24.329402020219135,20700.0,22.415783544192664,22.75089445699743,23.34860493886987,20645.0,76846.0,7937638700.0,0,25.0,1.9018588557485074,1.3059250302299998,20658.5604976,85906.0,-31.37387357526616,20.023717002829727,20.015209815285047,35.0,1.915309177483401,2018/06/07,2018/06/07,16.577571204788327,14.759150237282086,13.25789658519271,12.837944575131665,8.18615960612862,3.8312462347451017,-31.37387357526616,-32.885514242042674,1.8842112779051803,1.0
PB.SHF,20180608,21.77778134592093,20375.0,24.329402020219135,20700.0,21.85957386280603,18.767868922914914,19.56054060305088,20385.0,74834.0,7665974950.0,0,-270.0,-17.818427008806353,2.2281424073599996,20487.9465216,77416.0,-37.78458780256528,20.054687305771196,19.86488321682397,-170.0,-13.54370982005775,2018/06/08,2018/06/08,18.014200876530268,15.288918300134839,14.310126720793306,14.728041323726444,9.730809934458136,5.444684003288494,-37.78458780256528,-38.955495426743425,-17.858044887055776,-1.0
PB.SHF,20180611,17.830454249168753,20500.0,19.248160955313338,20375.0,19.364579635807473,19.035167196845734,21.920185296816314,20545.0,61054.0,6256636800.0,0,60.0,4.364899161518984,1.32450331126,20495.4197923,77002.0,-2.190888129304433,19.90412447970479,19.8737353449135,10.0,0.0,2018/06/11,2018/06/11,19.686420097649844,16.194127159669407,15.274878296360441,16.69524606251713,11.340836480081236,7.4068705637486545,-2.190888129304433,-2.3297329899553745,4.287247514569906,1.0
PB.SHF,20180612,20.287235297134814,20505.0,21.254474880588134,20500.0,19.943434637906293,21.222587455104275,22.424319944036995,20580.0,36066.0,3705087700.0,0,85.0,6.051514143207882,0.9004623996109999,20546.152609099998,75714.0,-6.946018320767365,19.91299055904466,19.917978407580677,50.0,3.089052007940687,2018/06/12,2018/06/12,19.640218542135827,16.864095381711465,16.164353785660964,18.527536114605837,13.037760305159821,9.231469824557351,-6.946018320767365,-7.3757861288111926,5.978985859892163,1.0
PB.SHF,20180613,20.813011291922805,20480.0,21.333423809615923,20505.0,18.70754815514421,20.181724597922496,21.338629804089862,20505.0,36776.0,3762033000.0,0,-40.0,-2.5881944312564826,0.777453838678,20459.1744616,73848.0,-10.040502676189696,19.95730327398219,19.83831980894034,-90.0,-7.66693536444717,2018/06/13,2018/06/13,19.246298357084,17.752331878310713,17.05882023675099,20.08697441350489,14.671056468160813,10.891757422642442,-10.040502676189696,-10.612053294799544,-2.571779240069425,1.0
PB.SHF,20180614,19.681102350327222,20200.0,20.937655296592894,20480.0,21.579453893425153,16.411040575894816,17.503616007067947,20250.0,90190.0,9218527050.0,0,-205.0,-13.780290049279998,2.77980980249,20442.4593636,68720.0,-25.880773567948985,19.877519176509864,19.82503415679558,-15.0,-1.9347129012210615,2018/06/14,2018/06/14,18.290198544821806,18.16616612063177,17.751894005926673,21.490192646858944,16.243716844166883,12.350644068881564,-25.880773567948985,-26.845737961674548,-13.810325554965445,-1.0
PB.SHF,20180615,15.694490567803925,20050.0,16.34088299044562,20200.0,15.412464253028674,15.11394180517523,16.883382324967016,20210.0,47140.0,4766886900.0,0,-230.0,-15.585811520598668,1.08641975309,20224.382265599997,66280.0,-13.052410038718861,19.86421255334288,19.62987647777439,-220.0,-17.252111795580063,2018/06/15,2018/06/15,17.848116832323285,18.66250307432084,18.193556779017,22.801567506735296,17.75087528989046,13.815062619777883,-13.052410038718861,-13.589158803841087,-15.462106186382208,1.0
PB.SHF,20180619,15.05146326529048,20020.0,13.767819322905936,20050.0,15.488786222347414,12.084176323685483,14.83617514732454,20080.0,41544.0,4181886550.0,0,-140.0,-9.596913151077025,1.9049975259799998,20132.325004799997,62224.0,-21.062782954023795,19.66874551375028,19.549877203880897,-90.0,-7.7764068457259725,2018/06/19,2018/06/19,16.666206079033344,18.92456687030287,18.399227540745954,23.747363873472892,19.017572790656885,15.206377599654928,-21.062782954023795,-21.739364117625335,-9.561059132677826,-1.0
PB.SHF,20180620,12.932471152901762,19930.0,13.245200009302827,20020.0,11.443237811971073,11.217551374635782,13.150307250305396,19975.0,41660.0,4164470400.0,0,-155.0,-10.688559415496414,0.846613545817,19992.656745099997,55752.0,-31.248421424079115,19.588618722427725,19.425247893980526,-140.0,-11.62404730462874,2018/06/20,2018/06/20,15.093706096115753,18.126684261021666,18.636101578217904,24.530991070997928,20.2073071823104,16.572067804047137,-31.248421424079115,-31.96314216092847,-10.635866931149678,1.0
PB.SHF,20180621,11.19150157186423,19930.0,11.662917390732517,19930.0,11.046772812528317,10.150747103805912,11.192307636252295,19855.0,36802.0,3672705150.0,0,-135.0,-9.363185105057113,1.0012515644600002,19959.2693332,53126.0,-14.012435511831299,19.463789947631355,19.394055302043355,-35.0,-3.543154141172323,2018/06/21,2018/06/21,13.343196014990333,17.06407894385113,18.721993009630495,25.218876859541055,21.216102085576992,17.6635772863888,-14.012435511831299,-14.338562938010426,-9.324219830058276,1.0
PB.SHF,20180622,9.174114598658022,19995.0,11.662917390732517,19930.0,11.046772812528317,10.150747103805912,11.192307636252295,19855.0,36802.0,3672705150.0,0,-135.0,-9.419769148144582,1.0012515644600002,19959.2693332,53126.0,0.07671962202022797,19.463789947631355,19.394055302043355,-35.0,-3.543154141172323,2018/06/21,2018/06/22,12.239877330642088,16.023783897770755,18.61317261767678,25.90791707793292,22.2584520299108,18.81974027123546,0.07671962202022797,0.07266008746051966,-9.324219830058276,1.0
PB.SHF,20180625,10.522096659214796,19645.0,12.8077974306673,19995.0,12.860365317925691,11.120905015378405,13.231193755111384,19980.0,37274.0,3729715850.0,0,225.0,15.823045029734857,1.32932029095,20012.4260879,46630.0,-31.33702998280128,19.253746802400727,19.44306590839777,255.0,18.909965657828494,2018/06/25,2018/06/25,11.596756906661284,15.477205340842204,18.601179928188813,26.508420547706166,23.460520599557327,20.03427873926043,-31.33702998280128,-32.05825439002045,15.634187611077962,1.0
PB.SHF,20180626,11.274948354046664,19820.0,6.534787280540343,19645.0,9.289161602260101,4.717898943871148,11.84841930579966,19895.0,95954.0,9494476550.0,0,240.0,16.769086553852304,1.82682682683,19789.642015999998,61338.0,47.842487623360114,19.164174341768884,19.24234863572333,130.0,9.611800105212687,2018/06/26,2018/06/26,11.068243383826285,14.6007918211007,18.621455647039497,26.87687494036031,24.574907868860322,21.1056240077515,47.842487623360114,48.099079055478484,16.671159968359774,1.0
PB.SHF,20180627,9.84957078047529,20200.0,9.702522632447433,19820.0,13.328999692598401,9.467844884784114,16.258481445578454,20170.0,87660.0,8772384850.0,0,385.0,25.669198980865573,1.9100276451400002,20014.5673055,64286.0,15.794757848080081,19.280596199580884,19.44306590839777,225.0,16.723745060859258,2018/06/27,2018/06/27,11.618013674913662,14.060381072631273,18.703625275181807,27.353358562622105,25.74523854630182,22.286325440039562,15.794757848080081,16.38644408800151,25.14771977226367,1.0
PB.SHF,20180628,14.40408739983883,20500.0,16.34088299044562,20200.0,19.79918424276802,16.77816023213184,22.639007594172682,20595.0,136212.0,13926484850.0,0,585.0,35.09338198686946,2.10708973723,20448.2495669,78146.0,47.16599236784944,19.481636539195875,19.82946299983088,435.0,30.067997837928218,2018/06/28,2018/06/28,13.62182806926846,14.174592490591962,19.283342971122067,28.14706582220859,26.989986134429927,23.642635034903805,47.16599236784944,47.850836510031314,34.33889046736604,1.0
PB.SHF,20180629,21.037009490981944,20515.0,21.254474880588134,20500.0,18.70754815514421,18.230310010179366,20.677631016799253,20460.0,100150.0,10228731250.0,0,15.0,1.2171964525574666,1.310997815,20426.822266599997,77344.0,-4.309803938097332,19.868648388449174,19.811745874393893,-20.0,-2.3222379431141107,2018/06/29,2018/06/29,15.254781763877517,14.452830521503515,19.679092404366713,28.84468099165764,28.174870916241318,24.881415161659305,-4.309803938097332,-4.554614719524849,1.2109411649878865,-1.0
PB.SHF,20180702,18.992674012811378,20120.0,21.491012471446766,20515.0,19.219099731929504,13.325215528019108,14.83617514732454,20080.0,84324.0,8553363700.0,0,-345.0,-22.500739667234427,2.7859237536699997,20286.9021868,73702.0,-19.088189486362882,19.85090328434933,19.687595325748518,-140.0,-11.471598839798546,2018/07/02,2018/07/02,15.528407401662193,14.273456945640675,19.868485612562907,29.120744417141125,29.094828257964835,25.713108692955657,-19.088189486362882,-19.71522721672408,-22.670196963872296,-1.0
PB.SHF,20180703,12.932471152901762,20100.0,14.977182667618322,20120.0,13.95075690491646,13.987835841226229,15.391899007065803,20115.0,65204.0,6568731100.0,0,-170.0,-11.710746991952028,0.921314741036,20148.2458131,71910.0,-9.64739509666395,19.72655611115583,19.563216926795278,-140.0,-11.543416686757183,2018/07/03,2018/07/03,16.12963241938948,14.322180127465401,20.048446773604667,29.310024592755667,29.82866665656796,26.6512158972438,-9.64739509666395,-10.00677196041002,-11.573215991594935,1.0
PB.SHF,20180704,13.507155428269215,19855.0,14.633133596028344,20100.0,13.173004912256026,10.733636484212383,12.011924818512028,19905.0,66506.0,6648809550.0,0,-240.0,-16.336516179478203,1.51628138205,19994.6156738,67514.0,-22.638732883961012,19.60197973688831,19.425247893980526,-155.0,-12.740578000002493,2018/07/04,2018/07/04,15.408642105349358,14.222347256618818,19.52778587601523,29.456177232241103,30.380208273954338,27.463164179164295,-22.638732883961012,-23.172196338436603,-16.339577867949842,-1.0
PB.SHF,20180705,10.017984459788018,19765.0,10.329193040093429,19855.0,8.322271941545687,3.617204052822096,7.0260975440845,19605.0,84146.0,8284208200.0,0,-385.0,-25.375453182635994,1.8085908063299998,19690.0820003,67934.0,2.376901749437053,19.463789947631355,19.15742759628813,-300.0,-23.087505801715047,2018/07/05,2018/07/05,12.71128300105353,13.856156924318483,18.70495214217857,29.358758481805708,30.758124923474313,28.182815139559153,2.376901749437053,2.398197525030419,-25.480920053060498,-1.0
PB.SHF,20180706,4.898354283378062,19535.0,8.712759246649568,19765.0,6.862627742364111,2.3128699141155664,8.37020405435289,19685.0,78358.0,7695173300.0,0,-5.0,-0.18385809335070036,1.7087477684299999,19641.0661324,63798.0,-21.43740727777075,19.195537719603195,19.11269106885092,-50.0,-4.785667736379132,2018/07/06,2018/07/06,10.539368277435102,13.607381743846034,17.960875724155315,29.15646279684121,31.184658386299844,28.96798222271893,-21.43740727777075,-21.73281988506115,-0.1808907427746007,1.0
PB.SHF,20180709,6.275271634440813,19670.0,4.520565402173915,19535.0,5.802459594767242,3.416754819851839,7.531180304675232,19635.0,53686.0,5267070950.0,0,-5.0,-0.1823811957272241,1.0922021844,19621.767127400002,61498.0,-12.32436537104438,19.150728609187524,19.09478851028254,-20.0,-2.3856601232620562,2018/07/09,2018/07/09,9.234083361579593,13.103168835323523,17.358006210879793,28.915619129004483,31.45174921585628,29.67655939384977,-12.32436537104438,-12.479061988636289,-0.1818028296298806,1.0
PB.SHF,20180710,5.415480651487229,0.0,6.990400715060311,19670.0,6.455412501285295,1.8104653869869267,4.655126749291291,19465.0,52240.0,5109372750.0,0,-155.0,-10.928636783079625,1.70613700025,19561.1514165,59296.0,-11.812095865320451,19.13279697002828,19.041053630842626,-60.0,-5.6006447758531905,2018/07/10,2018/07/10,7.2972451282115145,12.463640280049347,16.484792238669243,28.638692689772967,31.49652534143,30.25097638259105,-11.812095865320451,-11.859948857103305,-10.912046490673163,-1.0
